A000020,동화약품,KOSPI,1,의약품
A000040,KR모터스,KOSPI,1,운송장비
A000050,경방,KOSPI,1,유통업
A000060,메리츠화재,KOSPI,1,보험
A000070,삼양홀딩스,KOSPI,1,금융업
A000075,삼양홀딩스우,KOSPI,1,금융업
A000080,하이트진로,KOSPI,1,음식료품
A000087,하이트진로2우B,KOSPI,1,음식료품
A000100,유한양행,KOSPI,1,의약품
A000105,유한양행우,KOSPI,1,의약품
A000120,CJ대한통운,KOSPI,1,운수창고
A000140,하이트진로홀딩스,KOSPI,1,금융업
A000145,하이트진로홀딩스우,KOSPI,1,금융업
A000150,두산,KOSPI,1,서비스업
A000155,두산우,KOSPI,1,서비스업
A000157,두산2우B,KOSPI,1,서비스업
A000180,성창기업지주,KOSPI,1,서비스업
A000210,DL,KOSPI,1,금융업
A000215,DL우,KOSPI,1,금융업
A000220,유유제약,KOSPI,1,의약품
A000225,유유제약1우,KOSPI,1,의약품
A000227,유유제약2우B,KOSPI,1,의약품
A000230,일동홀딩스,KOSPI,1,의약품
A000240,한국앤컴퍼니,KOSPI,1,금융업
A000270,기아,KOSPI,1,운송장비
A000300,대유플러스,KOSPI,1,"전기,전자"
A000320,노루홀딩스,KOSPI,1,금융업
A000325,노루홀딩스우,KOSPI,1,금융업
A000370,한화손해보험,KOSPI,1,보험
A000390,삼화페인트,KOSPI,1,화학
A000400,롯데손해보험,KOSPI,1,보험
A000430,대원강업,KOSPI,1,운송장비
A000480,조선내화,KOSPI,1,비금속광물
A000490,대동,KOSPI,1,기계
A000500,가온전선,KOSPI,1,"전기,전자"
A000520,삼일제약,KOSPI,1,의약품
A000540,흥국화재,KOSPI,1,보험
A000545,흥국화재우,KOSPI,1,보험
A000547,흥국화재2우B,KOSPI,1,보험
A000590,CS홀딩스,KOSPI,1,금융업
A000640,동아쏘시오홀딩스,KOSPI,1,금융업
A000650,천일고속,KOSPI,1,운수창고
A000660,SK하이닉스,KOSPI,1,"전기,전자"
A000670,영풍,KOSPI,1,"철강,금속"
A000680,LS네트웍스,KOSPI,1,유통업
A000700,유수홀딩스,KOSPI,1,서비스업
A000720,현대건설,KOSPI,1,건설업
A000725,현대건설우,KOSPI,1,건설업
A000760,이화산업,KOSPI,1,유통업
A000810,삼성화재,KOSPI,1,보험
A000815,삼성화재우,KOSPI,1,보험
A000850,화천기공,KOSPI,1,기계
A000860,강남제비스코,KOSPI,1,화학
A000880,한화,KOSPI,1,화학
A000885,한화우,KOSPI,1,화학
A00088K,한화3우B,KOSPI,1,화학
A000890,보해양조,KOSPI,1,음식료품
A000910,유니온,KOSPI,1,비금속광물
A000950,전방,KOSPI,1,"섬유,의복"
A000970,한국주철관,KOSPI,1,"철강,금속"
A000990,DB하이텍,KOSPI,1,"전기,전자"
A000995,DB하이텍1우,KOSPI,1,"전기,전자"
A001020,페이퍼코리아,KOSPI,1,"종이,목재"
A001040,CJ,KOSPI,1,금융업
A001045,CJ우,KOSPI,1,금융업
A00104K,CJ4우(전환),KOSPI,1,금융업
A001060,JW중외제약,KOSPI,1,의약품
A001065,JW중외제약우,KOSPI,1,의약품
A001067,JW중외제약2우B,KOSPI,1,의약품
A001070,대한방직,KOSPI,1,"섬유,의복"
A001080,만호제강,KOSPI,1,"철강,금속"
A001120,LG상사,KOSPI,1,유통업
A001130,대한제분,KOSPI,1,음식료품
A001140,국보,KOSPI,1,운수창고
A001200,유진투자증권,KOSPI,1,증권
A001210,금호전기,KOSPI,1,"전기,전자"
A001230,동국제강,KOSPI,1,"철강,금속"
A001250,GS글로벌,KOSPI,1,유통업
A001260,남광토건,KOSPI,1,건설업
A001270,부국증권,KOSPI,1,증권
A001275,부국증권우,KOSPI,1,증권
A001290,상상인증권,KOSPI,1,증권
A001340,백광산업,KOSPI,1,화학
A001360,삼성제약,KOSPI,1,의약품
A001380,SG글로벌,KOSPI,1,운송장비
A001390,KG케미칼,KOSPI,1,화학
A001420,태원물산,KOSPI,1,운송장비
A001430,세아베스틸,KOSPI,1,"철강,금속"
A001440,대한전선,KOSPI,1,"전기,전자"
A001450,현대해상,KOSPI,1,보험
A001460,BYC,KOSPI,1,"섬유,의복"
A001465,BYC우,KOSPI,1,"섬유,의복"
A001470,삼부토건,KOSPI,1,건설업
A001500,현대차증권,KOSPI,1,증권
A001510,SK증권,KOSPI,1,증권
A001515,SK증권우,KOSPI,1,증권
A001520,동양,KOSPI,1,비금속광물
A001525,동양우,KOSPI,1,비금속광물
A001527,동양2우B,KOSPI,1,비금속광물
A001529,동양3우B,KOSPI,1,비금속광물
A001530,DI동일,KOSPI,1,유통업
A001550,조비,KOSPI,1,화학
A001560,제일연마,KOSPI,1,비금속광물
A001570,금양,KOSPI,1,화학
A001620,케이비아이동국실업,KOSPI,1,운송장비
A001630,종근당홀딩스,KOSPI,1,의약품
A001680,대상,KOSPI,1,음식료품
A001685,대상우,KOSPI,1,음식료품
A001720,신영증권,KOSPI,1,증권
A001725,신영증권우,KOSPI,1,증권
A001740,SK네트웍스,KOSPI,1,유통업
A001745,SK네트웍스우,KOSPI,1,유통업
A001750,한양증권,KOSPI,1,증권
A001755,한양증권우,KOSPI,1,증권
A001770,신화실업,KOSPI,1,"철강,금속"
A001780,알루코,KOSPI,1,"철강,금속"
A001790,대한제당,KOSPI,1,음식료품
A001795,대한제당우,KOSPI,1,음식료품
A001800,오리온홀딩스,KOSPI,1,금융업
A001820,삼화콘덴서,KOSPI,1,"전기,전자"
A001880,DL건설,KOSPI,1,건설업
A001940,KISCO홀딩스,KOSPI,1,"철강,금속"
A002020,코오롱,KOSPI,1,금융업
A002025,코오롱우,KOSPI,1,금융업
A002030,아세아,KOSPI,1,서비스업
A002070,비비안,KOSPI,1,"섬유,의복"
A002100,경농,KOSPI,1,화학
A002140,고려산업,KOSPI,1,음식료품
A002150,도화엔지니어링,KOSPI,1,서비스업
A002170,삼양통상,KOSPI,1,소형(시가총액)
A002200,한국수출포장,KOSPI,1,"종이,목재"
A002210,동성제약,KOSPI,1,의약품
A002220,한일철강,KOSPI,1,"철강,금속"
A002240,고려제강,KOSPI,1,"철강,금속"
A002270,롯데푸드,KOSPI,1,음식료품
A002310,아세아제지,KOSPI,1,"종이,목재"
A002320,한진,KOSPI,1,운수창고
A002350,넥센타이어,KOSPI,1,화학
A002355,넥센타이어1우B,KOSPI,1,화학
A002360,SH에너지화학,KOSPI,1,화학
A002380,KCC,KOSPI,1,화학
A002390,한독,KOSPI,1,의약품
A002410,범양건영,KOSPI,1,건설업
A002420,세기상사,KOSPI,1,서비스업
A002450,삼익악기,KOSPI,1,소형(시가총액)
A002460,화성산업,KOSPI,1,건설업
A002600,조흥,KOSPI,1,음식료품
A002620,제일파마홀딩스,KOSPI,1,서비스업
A002630,오리엔트바이오,KOSPI,1,의약품
A002690,동일제강,KOSPI,1,"철강,금속"
A002700,신일전자,KOSPI,1,유통업
A002710,TCC스틸,KOSPI,1,"철강,금속"
A002720,국제약품,KOSPI,1,의약품
A002760,보락,KOSPI,1,화학
A002780,진흥기업,KOSPI,1,건설업
A002785,진흥기업우B,KOSPI,1,건설업
A002787,진흥기업2우B,KOSPI,1,건설업
A002790,아모레G,KOSPI,1,화학
A002795,아모레G우,KOSPI,1,화학
A00279K,아모레G3우(전환),KOSPI,1,화학
A002810,삼영무역,KOSPI,1,유통업
A002820,SUN&L,KOSPI,1,"종이,목재"
A002840,미원상사,KOSPI,1,화학
A002870,신풍제지,KOSPI,1,"종이,목재"
A002880,대유에이텍,KOSPI,1,운송장비
A002900,TYM,KOSPI,1,기계
A002920,유성기업,KOSPI,1,운송장비
A002960,한국쉘석유,KOSPI,1,화학
A002990,금호건설,KOSPI,1,건설업
A002995,금호건설우,KOSPI,1,건설업
A003000,부광약품,KOSPI,1,의약품
A003010,혜인,KOSPI,1,유통업
A003030,세아제강지주,KOSPI,1,금융업
A003060,에이프로젠제약,KOSPI,1,의약품
A003070,코오롱글로벌,KOSPI,1,건설업
A003075,코오롱글로벌우,KOSPI,1,건설업
A003080,성보화학,KOSPI,1,화학
A003090,대웅,KOSPI,1,금융업
A003120,일성신약,KOSPI,1,의약품
A003160,디아이,KOSPI,1,의료정밀
A003200,일신방직,KOSPI,1,"섬유,의복"
A003220,대원제약,KOSPI,1,의약품
A003230,삼양식품,KOSPI,1,음식료품
A003240,태광산업,KOSPI,1,화학
A003280,흥아해운,KOSPI,1,운수창고
A003300,한일홀딩스,KOSPI,1,비금속광물
A003350,한국화장품제조,KOSPI,1,화학
A003410,쌍용C&E,KOSPI,1,비금속광물
A003460,유화증권,KOSPI,1,증권
A003465,유화증권우,KOSPI,1,증권
A003470,유안타증권,KOSPI,1,증권
A003475,유안타증권우,KOSPI,1,증권
A003480,한진중공업홀딩스,KOSPI,1,전기가스업
A003490,대한항공,KOSPI,1,운수창고
A003495,대한항공우,KOSPI,1,운수창고
A003520,영진약품,KOSPI,1,의약품
A003530,한화투자증권,KOSPI,1,증권
A003535,한화투자증권우,KOSPI,1,증권
A003540,대신증권,KOSPI,1,증권
A003545,대신증권우,KOSPI,1,증권
A003547,대신증권2우B,KOSPI,1,증권
A003550,LG,KOSPI,1,금융업
A003555,LG우,KOSPI,1,금융업
A003560,IHQ,KOSPI,1,서비스업
A003570,SNT중공업,KOSPI,1,운송장비
A003580,넥스트사이언스,KOSPI,1,소형(시가총액)
A003610,방림,KOSPI,1,"섬유,의복"
A003620,쌍용차,KOSPI,1,운송장비
A003650,미창석유,KOSPI,1,화학
A003670,포스코케미칼,KOSPI,1,비금속광물
A003680,한성기업,KOSPI,1,음식료품
A003690,코리안리,KOSPI,1,보험
A003720,삼영화학,KOSPI,1,화학
A003780,진양산업,KOSPI,1,화학
A003830,대한화섬,KOSPI,1,화학
A003850,보령제약,KOSPI,1,의약품
A003920,남양유업,KOSPI,1,음식료품
A003925,남양유업우,KOSPI,1,음식료품
A003960,사조대림,KOSPI,1,음식료품
A004000,롯데정밀화학,KOSPI,1,화학
A004020,현대제철,KOSPI,1,"철강,금속"
A004060,SG세계물산,KOSPI,1,유통업
A004080,신흥,KOSPI,1,유통업
A004090,한국석유,KOSPI,1,비금속광물
A004100,태양금속,KOSPI,1,운송장비
A004105,태양금속우,KOSPI,1,운송장비
A004140,동방,KOSPI,1,운수창고
A004150,한솔홀딩스,KOSPI,1,금융업
A004170,신세계,KOSPI,1,유통업
A004250,NPC,KOSPI,1,화학
A004255,NPC우,KOSPI,1,화학
A004270,남성,KOSPI,1,유통업
A004310,현대약품,KOSPI,1,의약품
A004360,세방,KOSPI,1,운수창고
A004365,세방우,KOSPI,1,운수창고
A004370,농심,KOSPI,1,음식료품
A004380,삼익THK,KOSPI,1,기계
A004410,서울식품,KOSPI,1,음식료품
A004415,서울식품우,KOSPI,1,음식료품
A004430,송원산업,KOSPI,1,화학
A004440,삼일씨엔에스,KOSPI,1,비금속광물
A004450,삼화왕관,KOSPI,1,기계
A004490,세방전지,KOSPI,1,"전기,전자"
A004540,깨끗한나라,KOSPI,1,"종이,목재"
A004545,깨끗한나라우,KOSPI,1,"종이,목재"
A004560,현대비앤지스틸,KOSPI,1,"철강,금속"
A004565,현대비앤지스틸우,KOSPI,1,"철강,금속"
A004690,삼천리,KOSPI,1,전기가스업
A004700,조광피혁,KOSPI,1,소형(시가총액)
A004710,한솔테크닉스,KOSPI,1,"전기,전자"
A004720,팜젠사이언스,KOSPI,1,의약품
A004770,써니전자,KOSPI,1,"전기,전자"
A004800,효성,KOSPI,1,금융업
A004830,덕성,KOSPI,1,화학
A004835,덕성우,KOSPI,1,화학
A004840,DRB동일,KOSPI,1,화학
A004870,티웨이홀딩스,KOSPI,1,비금속광물
A004890,동일산업,KOSPI,1,"철강,금속"
A004910,조광페인트,KOSPI,1,화학
A004920,씨아이테크,KOSPI,1,소형(시가총액)
A004960,한신공영,KOSPI,1,건설업
A004970,신라교역,KOSPI,1,소형(시가총액)
A004980,성신양회,KOSPI,1,비금속광물
A004985,성신양회우,KOSPI,1,비금속광물
A004990,롯데지주,KOSPI,1,금융업
A00499K,롯데지주우,KOSPI,1,금융업
A005010,휴스틸,KOSPI,1,"철강,금속"
A005030,부산주공,KOSPI,1,운송장비
A005070,코스모신소재,KOSPI,1,화학
A005090,SGC에너지,KOSPI,1,전기가스업
A005110,한창,KOSPI,1,유통업
A005180,빙그레,KOSPI,1,음식료품
A005250,녹십자홀딩스,KOSPI,1,서비스업
A005257,녹십자홀딩스2우,KOSPI,1,서비스업
A005300,롯데칠성,KOSPI,1,음식료품
A005305,롯데칠성우,KOSPI,1,음식료품
A005320,국동,KOSPI,1,유통업
A005360,모나미,KOSPI,1,유통업
A005380,현대차,KOSPI,1,운송장비
A005385,현대차우,KOSPI,1,운송장비
A005387,현대차2우B,KOSPI,1,운송장비
A005389,현대차3우B,KOSPI,1,운송장비
A005390,신성통상,KOSPI,1,유통업
A005420,코스모화학,KOSPI,1,화학
A005430,한국공항,KOSPI,1,운수창고
A005440,현대그린푸드,KOSPI,1,유통업
A005490,POSCO,KOSPI,1,"철강,금속"
A005500,삼진제약,KOSPI,1,의약품
A005610,SPC삼립,KOSPI,1,음식료품
A005680,삼영전자,KOSPI,1,"전기,전자"
A005690,파미셀,KOSPI,1,의약품
A005720,넥센,KOSPI,1,화학
A005725,넥센우,KOSPI,1,화학
A005740,크라운해태홀딩스,KOSPI,1,금융업
A005745,크라운해태홀딩스우,KOSPI,1,금융업
A005750,대림B&Co,KOSPI,1,비금속광물
A005800,신영와코루,KOSPI,1,"섬유,의복"
A005810,풍산홀딩스,KOSPI,1,금융업
A005820,원림,KOSPI,1,"섬유,의복"
A005830,DB손해보험,KOSPI,1,보험
A005850,에스엘,KOSPI,1,운송장비
A005870,휴니드,KOSPI,1,"전기,전자"
A005880,대한해운,KOSPI,1,운수창고
A005930,삼성전자,KOSPI,1,"전기,전자"
A005935,삼성전자우,KOSPI,1,"전기,전자"
A005940,NH투자증권,KOSPI,1,증권
A005945,NH투자증권우,KOSPI,1,증권
A005950,이수화학,KOSPI,1,화학
A005960,동부건설,KOSPI,1,건설업
A005965,동부건설우,KOSPI,1,건설업
A006040,동원산업,KOSPI,1,중형(시가총액)
A006060,화승인더,KOSPI,1,화학
A006090,사조오양,KOSPI,1,음식료품
A006110,삼아알미늄,KOSPI,1,"철강,금속"
A006120,SK디스커버리,KOSPI,1,금융업
A006125,SK디스커버리우,KOSPI,1,금융업
A006200,한국전자홀딩스,KOSPI,1,금융업
A006220,제주은행,KOSPI,1,은행
A006260,LS,KOSPI,1,금융업
A006280,녹십자,KOSPI,1,의약품
A006340,대원전선,KOSPI,1,"전기,전자"
A006345,대원전선우,KOSPI,1,"전기,전자"
A006360,GS건설,KOSPI,1,건설업
A006370,대구백화점,KOSPI,1,유통업
A006380,카프로,KOSPI,1,화학
A006390,한일현대시멘트,KOSPI,1,비금속광물
A006400,삼성SDI,KOSPI,1,"전기,전자"
A006405,삼성SDI우,KOSPI,1,"전기,전자"
A006490,인스코비,KOSPI,1,통신업
A006570,대림통상,KOSPI,1,기계
A006650,대한유화,KOSPI,1,화학
A006660,삼성공조,KOSPI,1,운송장비
A006740,영풍제지,KOSPI,1,"종이,목재"
A006800,미래에셋증권,KOSPI,1,증권
A006805,미래에셋증권우,KOSPI,1,증권
A00680K,미래에셋증권2우B,KOSPI,1,증권
A006840,AK홀딩스,KOSPI,1,금융업
A006880,신송홀딩스,KOSPI,1,유통업
A006890,태경케미컬,KOSPI,1,화학
A006980,우성사료,KOSPI,1,음식료품
A007070,GS리테일,KOSPI,1,유통업
A007110,일신석재,KOSPI,1,유통업
A007120,미래아이앤지,KOSPI,1,서비스업
A007160,사조산업,KOSPI,1,소형(시가총액)
A007210,벽산,KOSPI,1,비금속광물
A007280,한국특강,KOSPI,1,"철강,금속"
A007310,오뚜기,KOSPI,1,음식료품
A007340,디티알오토모티브,KOSPI,1,"전기,전자"
A007460,에이프로젠 KIC,KOSPI,1,기계
A007540,샘표,KOSPI,1,금융업
A007570,일양약품,KOSPI,1,의약품
A007575,일양약품우,KOSPI,1,의약품
A007590,동방아그로,KOSPI,1,화학
A007610,선도전기,KOSPI,1,"전기,전자"
A007630,폴루스바이오팜,KOSPI,1,유통업
A007660,이수페타시스,KOSPI,1,"전기,전자"
A007690,국도화학,KOSPI,1,화학
A007700,F&F홀딩스,KOSPI,1,"섬유,의복"
A007810,코리아써키트,KOSPI,1,"전기,전자"
A007815,코리아써우,KOSPI,1,"전기,전자"
A00781K,코리아써키트2우B,KOSPI,1,"전기,전자"
A007860,서연,KOSPI,1,금융업
A007980,태평양물산,KOSPI,1,"섬유,의복"
A008040,사조동아원,KOSPI,1,음식료품
A008060,대덕,KOSPI,1,금융업
A00806K,대덕1우,KOSPI,1,금융업
A008110,대동전자,KOSPI,1,"전기,전자"
A008250,이건산업,KOSPI,1,"종이,목재"
A008260,NI스틸,KOSPI,1,"철강,금속"
A008350,남선알미늄,KOSPI,1,"철강,금속"
A008355,남선알미우,KOSPI,1,"철강,금속"
A008420,문배철강,KOSPI,1,"철강,금속"
A008490,서흥,KOSPI,1,화학
A008500,일정실업,KOSPI,1,"섬유,의복"
A008560,메리츠증권,KOSPI,1,증권
A008600,윌비스,KOSPI,1,유통업
A008700,아남전자,KOSPI,1,"전기,전자"
A008730,율촌화학,KOSPI,1,화학
A008770,호텔신라,KOSPI,1,유통업
A008775,호텔신라우,KOSPI,1,유통업
A008870,금비,KOSPI,1,비금속광물
A008930,한미사이언스,KOSPI,1,금융업
A008970,동양철관,KOSPI,1,"철강,금속"
A009070,KCTC,KOSPI,1,운수창고
A009140,경인전자,KOSPI,1,"전기,전자"
A009150,삼성전기,KOSPI,1,"전기,전자"
A009155,삼성전기우,KOSPI,1,"전기,전자"
A009160,SIMPAC,KOSPI,1,기계
A009180,한솔로지스틱스,KOSPI,1,운수창고
A009190,대양금속,KOSPI,1,"철강,금속"
A009200,무림페이퍼,KOSPI,1,"종이,목재"
A009240,한샘,KOSPI,1,유통업
A009270,신원,KOSPI,1,"섬유,의복"
A009275,신원우,KOSPI,1,"섬유,의복"
A009290,광동제약,KOSPI,1,의약품
A009310,참엔지니어링,KOSPI,1,기계
A009320,대우부품,KOSPI,1,운송장비
A009410,태영건설,KOSPI,1,건설업
A009415,태영건설우,KOSPI,1,건설업
A009420,한올바이오파마,KOSPI,1,의약품
A009440,KC그린홀딩스,KOSPI,1,금융업
A009450,경동나비엔,KOSPI,1,"전기,전자"
A009460,한창제지,KOSPI,1,"종이,목재"
A009470,삼화전기,KOSPI,1,"전기,전자"
A009540,한국조선해양,KOSPI,1,운송장비
A009580,무림P&P,KOSPI,1,"종이,목재"
A009680,모토닉,KOSPI,1,운송장비
A009770,삼정펄프,KOSPI,1,"종이,목재"
A009810,엔케이물산,KOSPI,1,유통업
A009830,한화솔루션,KOSPI,1,화학
A009835,한화솔루션우,KOSPI,1,화학
A009900,명신산업,KOSPI,1,운송장비
A009970,영원무역홀딩스,KOSPI,1,금융업
A010040,한국내화,KOSPI,1,비금속광물
A010050,우리종금,KOSPI,1,금융업
A010060,OCI,KOSPI,1,화학
A010100,한국프랜지,KOSPI,1,운송장비
A010120,LS ELECTRIC,KOSPI,1,"전기,전자"
A010130,고려아연,KOSPI,1,"철강,금속"
A010140,삼성중공업,KOSPI,1,운송장비
A010145,삼성중공우,KOSPI,1,운송장비
A010400,우진아이엔에스,KOSPI,1,건설업
A010420,한솔PNS,KOSPI,1,유통업
A010580,지코,KOSPI,1,운송장비
A010600,웰바이오텍,KOSPI,1,유통업
A010620,현대미포조선,KOSPI,1,운송장비
A010640,진양폴리,KOSPI,1,화학
A010660,화천기계,KOSPI,1,기계
A010690,화신,KOSPI,1,운송장비
A010770,평화홀딩스,KOSPI,1,운송장비
A010780,아이에스동서,KOSPI,1,비금속광물
A010820,퍼스텍,KOSPI,1,기계
A010950,S-Oil,KOSPI,1,화학
A010955,S-Oil우,KOSPI,1,화학
A010960,삼호개발,KOSPI,1,건설업
A011000,진원생명과학,KOSPI,1,의약품
A011070,LG이노텍,KOSPI,1,"전기,전자"
A011090,에넥스,KOSPI,1,소형(시가총액)
A011150,CJ씨푸드,KOSPI,1,음식료품
A011155,CJ씨푸드1우,KOSPI,1,음식료품
A011170,롯데케미칼,KOSPI,1,화학
A011200,HMM,KOSPI,1,운수창고
A011210,현대위아,KOSPI,1,운송장비
A011230,삼화전자,KOSPI,1,"전기,전자"
A011280,태림포장,KOSPI,1,"종이,목재"
A011300,성안,KOSPI,1,"섬유,의복"
A011330,유니켐,KOSPI,1,소형(시가총액)
A011390,부산산업,KOSPI,1,비금속광물
A011420,갤럭시아에스엠,KOSPI,1,서비스업
A011500,한농화성,KOSPI,1,화학
A011690,유양디앤유,KOSPI,1,"전기,전자"
A011700,한신기계,KOSPI,1,기계
A011760,현대코퍼레이션,KOSPI,1,유통업
A011780,금호석유,KOSPI,1,화학
A011785,금호석유우,KOSPI,1,화학
A011790,SKC,KOSPI,1,화학
A011810,STX,KOSPI,1,유통업
A011930,신성이엔지,KOSPI,1,"전기,전자"
A012030,DB,KOSPI,1,서비스업
A012160,영흥,KOSPI,1,"철강,금속"
A012170,아센디오,KOSPI,1,서비스업
A012200,계양전기,KOSPI,1,기계
A012205,계양전기우,KOSPI,1,기계
A012280,영화금속,KOSPI,1,운송장비
A012320,경동인베스트,KOSPI,1,금융업
A012330,현대모비스,KOSPI,1,운송장비
A012450,한화에어로스페이스,KOSPI,1,운송장비
A012510,더존비즈온,KOSPI,1,서비스업
A012600,센트럴인사이트,KOSPI,1,기계
A012610,경인양행,KOSPI,1,화학
A012630,HDC,KOSPI,1,금융업
A012690,모나리자,KOSPI,1,"종이,목재"
A012750,에스원,KOSPI,1,서비스업
A012800,대창,KOSPI,1,"철강,금속"
A013000,세우글로벌,KOSPI,1,유통업
A013360,일성건설,KOSPI,1,건설업
A013520,화승코퍼레이션,KOSPI,1,운송장비
A013570,디와이,KOSPI,1,금융업
A013580,계룡건설,KOSPI,1,건설업
A013700,까뮤이앤씨,KOSPI,1,건설업
A013870,지엠비코리아,KOSPI,1,운송장비
A013890,지누스,KOSPI,1,중형(시가총액)
A014130,한익스프레스,KOSPI,1,운수창고
A014160,대영포장,KOSPI,1,"종이,목재"
A014280,금강공업,KOSPI,1,"철강,금속"
A014285,금강공업우,KOSPI,1,"철강,금속"
A014440,영보화학,KOSPI,1,화학
A014530,극동유화,KOSPI,1,화학
A014580,태경비케이,KOSPI,1,비금속광물
A014680,한솔케미칼,KOSPI,1,화학
A014710,사조씨푸드,KOSPI,1,음식료품
A014790,한라,KOSPI,1,건설업
A014820,동원시스템즈,KOSPI,1,화학
A014825,동원시스템즈우,KOSPI,1,화학
A014830,유니드,KOSPI,1,화학
A014910,성문전자,KOSPI,1,"전기,전자"
A014915,성문전자우,KOSPI,1,"전기,전자"
A014990,인디에프,KOSPI,1,"섬유,의복"
A015020,이스타코,KOSPI,1,서비스업
A015230,대창단조,KOSPI,1,운송장비
A015260,에이엔피,KOSPI,1,"전기,전자"
A015350,부산가스,KOSPI,1,전기가스업
A015360,예스코홀딩스,KOSPI,1,금융업
A015540,쎌마테라퓨틱스,KOSPI,1,서비스업
A015590,큐로,KOSPI,1,기계
A015760,한국전력,KOSPI,1,전기가스업
A015860,일진홀딩스,KOSPI,1,금융업
A015890,태경산업,KOSPI,1,화학
A016090,대현,KOSPI,1,"섬유,의복"
A016360,삼성증권,KOSPI,1,증권
A016380,KG동부제철,KOSPI,1,"철강,금속"
A016385,KG동부제철우,KOSPI,1,"철강,금속"
A016450,한세예스24홀딩스,KOSPI,1,"섬유,의복"
A016580,환인제약,KOSPI,1,의약품
A016590,신대양제지,KOSPI,1,"종이,목재"
A016610,DB금융투자,KOSPI,1,증권
A016710,대성홀딩스,KOSPI,1,서비스업
A016740,두올,KOSPI,1,운송장비
A016800,퍼시스,KOSPI,1,소형(시가총액)
A016880,웅진,KOSPI,1,금융업
A017040,광명전기,KOSPI,1,"전기,전자"
A017180,명문제약,KOSPI,1,의약품
A017370,우신시스템,KOSPI,1,기계
A017390,서울가스,KOSPI,1,전기가스업
A017550,수산중공업,KOSPI,1,기계
A017670,SK텔레콤,KOSPI,1,통신업
A017800,현대엘리베이,KOSPI,1,기계
A017810,풀무원,KOSPI,1,음식료품
A017900,광전자,KOSPI,1,"전기,전자"
A017940,E1,KOSPI,1,유통업
A017960,한국카본,KOSPI,1,기계
A018250,애경산업,KOSPI,1,화학
A018260,삼성에스디에스,KOSPI,1,서비스업
A018470,조일알미늄,KOSPI,1,"철강,금속"
A018500,동원금속,KOSPI,1,운송장비
A018670,SK가스,KOSPI,1,유통업
A018880,한온시스템,KOSPI,1,기계
A019170,신풍제약,KOSPI,1,의약품
A019175,신풍제약우,KOSPI,1,의약품
A019180,티에이치엔,KOSPI,1,"전기,전자"
A019440,세아특수강,KOSPI,1,"철강,금속"
A019490,하이트론,KOSPI,1,"전기,전자"
A019680,대교,KOSPI,1,서비스업
A019685,대교우B,KOSPI,1,서비스업
A020000,한섬,KOSPI,1,"섬유,의복"
A020120,키다리스튜디오,KOSPI,1,서비스업
A020150,일진머티리얼즈,KOSPI,1,"전기,전자"
A020560,아시아나항공,KOSPI,1,운수창고
A020760,일진디스플,KOSPI,1,"전기,전자"
A021050,서원,KOSPI,1,"철강,금속"
A021240,코웨이,KOSPI,1,서비스업
A021820,세원정공,KOSPI,1,운송장비
A023000,삼원강재,KOSPI,1,운송장비
A023150,MH에탄올,KOSPI,1,음식료품
A023350,한국종합기술,KOSPI,1,서비스업
A023450,동남합성,KOSPI,1,화학
A023530,롯데쇼핑,KOSPI,1,유통업
A023590,다우기술,KOSPI,1,서비스업
A023800,인지컨트롤스,KOSPI,1,운송장비
A023810,인팩,KOSPI,1,운송장비
A023960,에쓰씨엔지니어링,KOSPI,1,건설업
A024070,WISCOM,KOSPI,1,화학
A024090,디씨엠,KOSPI,1,"철강,금속"
A024110,기업은행,KOSPI,1,은행
A024720,한국콜마홀딩스,KOSPI,1,금융업
A024890,대원화성,KOSPI,1,화학
A024900,덕양산업,KOSPI,1,운송장비
A025000,KPX케미칼,KOSPI,1,화학
A025530,SJM홀딩스,KOSPI,1,유통업
A025540,한국단자,KOSPI,1,"전기,전자"
A025560,미래산업,KOSPI,1,의료정밀
A025620,제이준코스메틱,KOSPI,1,화학
A025750,한솔홈데코,KOSPI,1,"종이,목재"
A025820,이구산업,KOSPI,1,"철강,금속"
A025860,남해화학,KOSPI,1,화학
A025890,한국주강,KOSPI,1,기계
A026890,디피씨,KOSPI,1,"전기,전자"
A026940,부국철강,KOSPI,1,"철강,금속"
A026960,동서,KOSPI,1,유통업
A027410,BGF,KOSPI,1,금융업
A027740,마니커,KOSPI,1,음식료품
A027970,세하,KOSPI,1,"종이,목재"
A028050,삼성엔지니어링,KOSPI,1,서비스업
A028100,동아지질,KOSPI,1,건설업
A028260,삼성물산,KOSPI,1,유통업
A02826K,삼성물산우B,KOSPI,1,유통업
A028670,팬오션,KOSPI,1,운수창고
A029460,케이씨,KOSPI,1,의료정밀
A029530,신도리코,KOSPI,1,"전기,전자"
A029780,삼성카드,KOSPI,1,금융업
A030000,제일기획,KOSPI,1,서비스업
A030200,KT,KOSPI,1,통신업
A030210,KTB투자증권,KOSPI,1,증권
A030610,교보증권,KOSPI,1,증권
A030720,동원수산,KOSPI,1,소형(시가총액)
A030790,비케이탑스,KOSPI,1,서비스업
A031430,신세계인터내셔날,KOSPI,1,유통업
A031440,신세계푸드,KOSPI,1,서비스업
A031820,콤텍시스템,KOSPI,1,서비스업
A032350,롯데관광개발,KOSPI,1,서비스업
A032560,황금에스티,KOSPI,1,"철강,금속"
A032640,LG유플러스,KOSPI,1,통신업
A032830,삼성생명,KOSPI,1,보험
A033180,KH 필룩스,KOSPI,1,"전기,전자"
A033240,자화전자,KOSPI,1,"전기,전자"
A033250,체시스,KOSPI,1,운송장비
A033270,유나이티드제약,KOSPI,1,의약품
A033530,세종공업,KOSPI,1,운송장비
A033660,우리금융캐피탈,KOSPI,1,금융업
A033780,KT&G,KOSPI,1,대형(시가총액)
A033920,무학,KOSPI,1,음식료품
A034020,두산중공업,KOSPI,1,기계
A034120,SBS,KOSPI,1,서비스업
A034220,LG디스플레이,KOSPI,1,"전기,전자"
A034300,신세계건설,KOSPI,1,건설업
A034310,NICE,KOSPI,1,서비스업
A034590,인천도시가스,KOSPI,1,전기가스업
A034730,SK,KOSPI,1,금융업
A03473K,SK우,KOSPI,1,금융업
A034830,한국토지신탁,KOSPI,1,금융업
A035000,지투알,KOSPI,1,서비스업
A035150,백산,KOSPI,1,화학
A035250,강원랜드,KOSPI,1,서비스업
A035420,NAVER,KOSPI,1,서비스업
A035510,신세계 I&C,KOSPI,1,서비스업
A035720,카카오,KOSPI,1,서비스업
A036420,제이콘텐트리,KOSPI,1,서비스업
A036460,한국가스공사,KOSPI,1,전기가스업
A036530,SNT홀딩스,KOSPI,1,금융업
A036570,엔씨소프트,KOSPI,1,서비스업
A036580,팜스코,KOSPI,1,음식료품
A037270,YG PLUS,KOSPI,1,서비스업
A037560,LG헬로비전,KOSPI,1,서비스업
A037710,광주신세계,KOSPI,1,유통업
A039130,하나투어,KOSPI,1,서비스업
A039490,키움증권,KOSPI,1,증권
A039570,HDC아이콘트롤스,KOSPI,1,건설업
A041650,상신브레이크,KOSPI,1,운송장비
A042660,대우조선해양,KOSPI,1,운송장비
A042670,두산인프라코어,KOSPI,1,기계
A042700,한미반도체,KOSPI,1,기계
A044380,주연테크,KOSPI,1,"전기,전자"
A044450,KSS해운,KOSPI,1,운수창고
A044820,코스맥스비티아이,KOSPI,1,금융업
A047040,대우건설,KOSPI,1,건설업
A047050,포스코인터내셔널,KOSPI,1,유통업
A047400,유니온머티리얼,KOSPI,1,비금속광물
A047810,한국항공우주,KOSPI,1,운송장비
A049770,동원F&B,KOSPI,1,음식료품
A049800,우진플라임,KOSPI,1,기계
A051600,한전KPS,KOSPI,1,건설업
A051630,진양화학,KOSPI,1,화학
A051900,LG생활건강,KOSPI,1,화학
A051905,LG생활건강우,KOSPI,1,화학
A051910,LG화학,KOSPI,1,화학
A051915,LG화학우,KOSPI,1,화학
A052690,한전기술,KOSPI,1,서비스업
A053210,스카이라이프,KOSPI,1,서비스업
A053690,한미글로벌,KOSPI,1,서비스업
A055490,테이팩스,KOSPI,1,화학
A055550,신한지주,KOSPI,1,금융업
A057050,현대홈쇼핑,KOSPI,1,유통업
A058430,포스코강판,KOSPI,1,"철강,금속"
A058650,세아홀딩스,KOSPI,1,"철강,금속"
A058730,다스코,KOSPI,1,기계
A058850,KTcs,KOSPI,1,서비스업
A058860,KTis,KOSPI,1,서비스업
A060980,한라홀딩스,KOSPI,1,금융업
A063160,종근당바이오,KOSPI,1,의약품
A064350,현대로템,KOSPI,1,운송장비
A064960,SNT모티브,KOSPI,1,운송장비
A066570,LG전자,KOSPI,1,"전기,전자"
A066575,LG전자우,KOSPI,1,"전기,전자"
A067830,세이브존I&C,KOSPI,1,유통업
A068270,셀트리온,KOSPI,1,의약품
A068290,삼성출판사,KOSPI,1,서비스업
A068400,SK렌터카,KOSPI,1,서비스업
A069260,휴켐스,KOSPI,1,화학
A069460,대호에이엘,KOSPI,1,"철강,금속"
A069500,KODEX 200,ETF,10,
A069620,대웅제약,KOSPI,1,의약품
A069640,한세엠케이,KOSPI,1,유통업
A069660,KOSEF 200,ETF,10,
A069730,DSR제강,KOSPI,1,"철강,금속"
A069960,현대백화점,KOSPI,1,유통업
A070960,용평리조트,KOSPI,1,서비스업
A071050,한국금융지주,KOSPI,1,금융업
A071055,한국금융지주우,KOSPI,1,금융업
A071090,하이스틸,KOSPI,1,"철강,금속"
A071320,지역난방공사,KOSPI,1,전기가스업
A071840,롯데하이마트,KOSPI,1,유통업
A071950,코아스,KOSPI,1,소형(시가총액)
A071970,STX중공업,KOSPI,1,기계
A072130,유엔젤,KOSPI,1,서비스업
A072710,농심홀딩스,KOSPI,1,금융업
A073240,금호타이어,KOSPI,1,화학
A074610,이엔플러스,KOSPI,1,기계
A075180,새론오토모티브,KOSPI,1,운송장비
A075580,세진중공업,KOSPI,1,운송장비
A077500,유니퀘스트,KOSPI,1,유통업
A077970,STX엔진,KOSPI,1,기계
A078000,텔코웨어,KOSPI,1,서비스업
A078520,에이블씨엔씨,KOSPI,1,화학
A078930,GS,KOSPI,1,금융업
A078935,GS우,KOSPI,1,금융업
A079160,CJ CGV,KOSPI,1,서비스업
A079430,현대리바트,KOSPI,1,소형(시가총액)
A079550,LIG넥스원,KOSPI,1,기계
A079980,휴비스,KOSPI,1,화학
A081000,일진다이아,KOSPI,1,화학
A081660,휠라홀딩스,KOSPI,1,유통업
A082640,동양생명,KOSPI,1,보험
A082740,HSD엔진,KOSPI,1,기계
A083420,그린케미칼,KOSPI,1,화학
A084010,대한제강,KOSPI,1,"철강,금속"
A084670,동양고속,KOSPI,1,운수창고
A084680,이월드,KOSPI,1,소형(시가총액)
A084690,대상홀딩스,KOSPI,1,금융업
A084695,대상홀딩스우,KOSPI,1,금융업
A084870,TBH글로벌,KOSPI,1,"섬유,의복"
A085310,엔케이,KOSPI,1,기계
A085620,미래에셋생명,KOSPI,1,보험
A086280,현대글로비스,KOSPI,1,운수창고
A086790,하나금융지주,KOSPI,1,금융업
A088260,이리츠코크렙,KOSPI,3,서비스업
A088350,한화생명,KOSPI,1,보험
A088790,진도,KOSPI,1,유통업
A088980,맥쿼리인프라,KOSPI,5,금융업
A089470,HDC현대EP,KOSPI,1,화학
A089590,제주항공,KOSPI,1,운수창고
A090080,평화산업,KOSPI,1,운송장비
A090350,노루페인트,KOSPI,1,화학
A090355,노루페인트우,KOSPI,1,화학
A090370,메타랩스,KOSPI,1,"섬유,의복"
A090430,아모레퍼시픽,KOSPI,1,화학
A090435,아모레퍼시픽우,KOSPI,1,화학
A091090,세원이앤씨,KOSPI,1,기계
A091160,KODEX 반도체,ETF,10,
A091170,KODEX 은행,ETF,10,
A091180,KODEX 자동차,ETF,10,
A091220,TIGER 은행,ETF,10,
A091230,TIGER 반도체,ETF,10,
A091810,티웨이항공,KOSPI,1,운수창고
A092200,디아이씨,KOSPI,1,운송장비
A092220,KEC,KOSPI,1,"전기,전자"
A092230,KPX홀딩스,KOSPI,1,화학
A092440,기신정기,KOSPI,1,기계
A092780,동양피스톤,KOSPI,1,운송장비
A093050,LF,KOSPI,1,"섬유,의복"
A093230,이아이디,KOSPI,1,유통업
A093240,형지엘리트,KOSPI,1,"섬유,의복"
A093370,후성,KOSPI,1,화학
A094280,효성ITX,KOSPI,1,서비스업
A094800,맵스리얼티1,KOSPI,2,금융업
A095570,AJ네트웍스,KOSPI,1,서비스업
A095720,웅진씽크빅,KOSPI,1,서비스업
A096300,베트남개발1,KOSPI,2,금융업
A096760,JW홀딩스,KOSPI,1,금융업
A096770,SK이노베이션,KOSPI,1,화학
A096775,SK이노베이션우,KOSPI,1,화학
A097230,한진중공업,KOSPI,1,건설업
A097950,CJ제일제당,KOSPI,1,음식료품
A097955,CJ제일제당 우,KOSPI,1,음식료품
A098560,TIGER 방송통신,ETF,10,
A099140,KODEX China H,ETF,10,
A100220,비상교육,KOSPI,1,서비스업
A100250,진양홀딩스,KOSPI,1,화학
A100840,SNT에너지,KOSPI,1,기계
A100910,KOSEF KRX100,ETF,10,
A101060,SBS미디어홀딩스,KOSPI,1,서비스업
A101140,인바이오젠,KOSPI,1,유통업
A101280,KODEX 일본TOPIX100,ETF,10,
A101530,해태제과식품,KOSPI,1,음식료품
A102110,TIGER 200,ETF,10,
A102260,동성케미컬,KOSPI,1,서비스업
A102280,쌍방울,KOSPI,1,"섬유,의복"
A102460,이연제약,KOSPI,1,의약품
A102780,KODEX 삼성그룹,ETF,10,
A102960,KODEX 기계장비,ETF,10,
A102970,KODEX 증권,ETF,10,
A103140,풍산,KOSPI,1,"철강,금속"
A103590,일진전기,KOSPI,1,"전기,전자"
A104520,KOSEF 블루칩,ETF,10,
A104530,KOSEF 고배당,ETF,10,
A104700,한국철강,KOSPI,1,"철강,금속"
A105010,TIGER 라틴35,ETF,10,
A105190,KINDEX 200,ETF,10,
A105560,KB금융,KOSPI,1,금융업
A105630,한세실업,KOSPI,1,"섬유,의복"
A105780,KBSTAR 5대그룹주,ETF,10,
A105840,우진,KOSPI,1,의료정밀
A107590,미원홀딩스,KOSPI,1,금융업
A108450,KINDEX 삼성그룹섹터가중,ETF,10,
A108590,TREX 200,ETF,10,
A108670,LG하우시스,KOSPI,1,화학
A108675,LG하우시스우,KOSPI,1,화학
A109070,컨버즈,KOSPI,1,"종이,목재"
A111110,호전실업,KOSPI,1,"섬유,의복"
A111770,영원무역,KOSPI,1,유통업
A112610,씨에스윈드,KOSPI,1,기계
A114090,GKL,KOSPI,1,서비스업
A114100,KBSTAR 국고채3년,ETF,10,
A114260,KODEX 국고채3년,ETF,10,
A114460,KINDEX 국고채3년,ETF,10,
A114470,KOSEF 국고채3년,ETF,10,
A114800,KODEX 인버스,ETF,10,
A114820,TIGER 국채3년,ETF,10,
A115390,락앤락,KOSPI,1,화학
A117460,KODEX 에너지화학,ETF,10,
A117580,대성에너지,KOSPI,1,전기가스업
A117680,KODEX 철강,ETF,10,
A117690,TIGER 차이나항셍25,ETF,10,
A117700,KODEX 건설,ETF,10,
A118000,우리들휴브레인,KOSPI,1,유통업
A119650,KC코트렐,KOSPI,1,기계
A120030,조선선재,KOSPI,1,기계
A120110,코오롱인더,KOSPI,1,화학
A120115,코오롱인더우,KOSPI,1,화학
A122090,ARIRANG 코스피50,ETF,10,
A122260,KOSEF 통안채1년,ETF,10,
A122630,KODEX 레버리지,ETF,10,
A122900,아이마켓코리아,KOSPI,1,유통업
A123310,TIGER 인버스,ETF,10,
A123320,TIGER 레버리지,ETF,10,
A123690,한국화장품,KOSPI,1,유통업
A123700,SJM,KOSPI,1,운송장비
A123890,한국자산신탁,KOSPI,1,금융업
A126560,현대퓨처넷,KOSPI,1,서비스업
A128820,대성산업,KOSPI,1,유통업
A128940,한미약품,KOSPI,1,의약품
A129260,인터지스,KOSPI,1,운수창고
A130660,한전산업,KOSPI,1,서비스업
A130680,TIGER 원유선물Enhanced(H),ETF,10,
A130730,KOSEF 단기자금,ETF,10,
A131890,KINDEX 삼성그룹동일가중,ETF,10,
A132030,KODEX 골드선물(H),ETF,10,
A133690,TIGER 미국나스닥100,ETF,10,
A133820,화인베스틸,KOSPI,1,"철강,금속"
A134380,미원화학,KOSPI,1,화학
A134790,시디즈,KOSPI,1,소형(시가총액)
A136340,KBSTAR 중기우량회사채,ETF,10,
A136490,선진,KOSPI,1,음식료품
A137610,TIGER 농산물선물Enhanced(H),ETF,10,
A137930,마이다스 200커버드콜5%OTM,ETF,10,
A138040,메리츠금융지주,KOSPI,1,금융업
A138230,KOSEF 미국달러선물,ETF,10,
A138250,엔에스쇼핑,KOSPI,1,유통업
A138490,코오롱플라스틱,KOSPI,1,화학
A138520,TIGER 삼성그룹펀더멘털,ETF,10,
A138530,TIGER LG그룹+펀더멘털,ETF,10,
A138540,TIGER 현대차그룹+펀더멘털,ETF,10,
A138910,KODEX 구리선물(H),ETF,10,
A138920,KODEX 콩선물(H),ETF,10,
A138930,BNK금융지주,KOSPI,1,금융업
A139130,DGB금융지주,KOSPI,1,금융업
A139220,TIGER 200 건설,ETF,10,
A139230,TIGER 200 중공업,ETF,10,
A139240,TIGER 200 철강소재,ETF,10,
A139250,TIGER 200 에너지화학,ETF,10,
A139260,TIGER 200 IT,ETF,10,
A139270,TIGER 200 금융,ETF,10,
A139280,TIGER 경기방어,ETF,10,
A139290,TIGER 200 경기소비재,ETF,10,
A139310,TIGER 금속선물(H),ETF,10,
A139320,TIGER 금은선물(H),ETF,10,
A139480,이마트,KOSPI,1,유통업
A139660,KOSEF 미국달러선물인버스,ETF,10,
A140570,KBSTAR 수출주,ETF,10,
A140580,KBSTAR 우량업종,ETF,10,
A140700,KODEX 보험,ETF,10,
A140710,KODEX 운송,ETF,10,
A140910,에이리츠,KOSPI,3,서비스업
A140950,파워 코스피100,ETF,10,
A143210,핸즈코퍼레이션,KOSPI,1,운송장비
A143460,KINDEX 밸류대형,ETF,10,
A143850,TIGER 미국S&P500선물(H),ETF,10,
A143860,TIGER 헬스케어,ETF,10,
A144600,KODEX 은선물(H),ETF,10,
A144620,코오롱머티리얼,KOSPI,1,화학
A145210,세화아이엠씨,KOSPI,1,기계
A145270,케이탑리츠,KOSPI,3,서비스업
A145670,KINDEX 인버스,ETF,10,
A145720,덴티움,KOSPI,1,의료정밀
A145850,TREX 펀더멘탈 200,ETF,10,
A145990,삼양사,KOSPI,1,음식료품
A145995,삼양사우,KOSPI,1,음식료품
A147970,TIGER 모멘텀,ETF,10,
A148020,KBSTAR 200,ETF,10,
A148070,KOSEF 국고채10년,ETF,10,
A150460,TIGER 중국소비테마,ETF,10,
A152100,ARIRANG 200,ETF,10,
A152380,KODEX 국채선물10년,ETF,10,
A152500,KINDEX 레버리지,ETF,10,
A152550,한국ANKOR유전,KOSPI,2,금융업
A152870,파워 200,ETF,10,
A153130,KODEX 단기채권,ETF,10,
A153270,KOSEF 코스피100,ETF,10,
A153360,하이골드3호,KOSPI,4,서비스업
A155660,DSR,KOSPI,1,"철강,금속"
A155900,바다로19호,KOSPI,4,서비스업
A156080,KODEX MSCI Korea,ETF,10,
A157450,TIGER 단기통안채,ETF,10,
A157490,TIGER 소프트웨어,ETF,10,
A157500,TIGER 증권,ETF,10,
A159800,마이티 코스피100,ETF,10,
A160580,TIGER 구리실물,ETF,10,
A161000,애경유화,KOSPI,1,화학
A161390,한국타이어앤테크놀로지,KOSPI,1,화학
A161510,ARIRANG 고배당주,ETF,10,
A161890,한국콜마,KOSPI,1,화학
A163560,동일고무벨트,KOSPI,1,화학
A166400,TIGER 200커버드콜5%OTM,ETF,10,
A167860,KOSEF 국고채10년레버리지,ETF,10,
A168300,KTOP 코스피50,ETF,10,
A168490,한국패러랠,KOSPI,2,금융업
A168580,KINDEX 중국본토CSI300,ETF,10,
A169950,KODEX 중국본토 A50,ETF,10,
A170900,동아에스티,KOSPI,1,의약품
A172580,하이골드12호,KOSPI,4,서비스업
A174350,TIGER 로우볼,ETF,10,
A174360,KBSTAR 중국본토대형주CSI100,ETF,10,
A175330,JB금융지주,KOSPI,1,금융업
A176710,파워 중기국고채,ETF,10,
A176950,KODEX 국채선물10년인버스,ETF,10,
A180640,한진칼,KOSPI,1,운수창고
A18064K,한진칼우,KOSPI,1,운수창고
A181480,KINDEX 미국다우존스리츠(합성 H),ETF,10,
A181710,NHN,KOSPI,1,서비스업
A182480,TIGER 미국MSCI리츠(합성 H),ETF,10,
A182490,TIGER 단기선진하이일드(합성 H),ETF,10,
A183190,아세아시멘트,KOSPI,1,비금속광물
A183700,KBSTAR 채권혼합,ETF,10,
A183710,KBSTAR 주식혼합,ETF,10,
A185680,KODEX 미국S&P바이오(합성),ETF,10,
A185750,종근당,KOSPI,1,의약품
A189400,ARIRANG 글로벌MSCI(합성 H),ETF,10,
A190620,KINDEX 단기통안채,ETF,10,
A192080,더블유게임즈,KOSPI,1,서비스업
A192090,TIGER 차이나CSI300,ETF,10,
A192400,쿠쿠홀딩스,KOSPI,1,금융업
A192650,드림텍,KOSPI,1,"전기,전자"
A192720,파워 고배당저변동성,ETF,10,
A192820,코스맥스,KOSPI,1,화학
A194370,제이에스코퍼레이션,KOSPI,1,소형(시가총액)
A195870,해성디에스,KOSPI,1,"전기,전자"
A195920,TIGER 일본TOPIX(합성 H),ETF,10,
A195930,TIGER 유로스탁스50(합성 H),ETF,10,
A195970,ARIRANG 선진국MSCI(합성 H),ETF,10,
A195980,ARIRANG 신흥국MSCI(합성 H),ETF,10,
A196030,KINDEX 일본TOPIX레버리지(H),ETF,10,
A196230,KBSTAR 단기통안채,ETF,10,
A200030,KODEX 미국S&P산업재(합성),ETF,10,
A200250,KOSEF 인도Nifty50(합성),ETF,10,
A200880,서연이화,KOSPI,1,운송장비
A203780,TIGER 미국나스닥바이오,ETF,10,
A204210,모두투어리츠,KOSPI,3,서비스업
A204320,만도,KOSPI,1,운송장비
A204450,KODEX China H 레버리지(H),ETF,10,
A204480,TIGER 차이나CSI300레버리지(합성),ETF,10,
A205720,KINDEX 일본TOPIX인버스(합성 H),ETF,10,
A207940,삼성바이오로직스,KOSPI,1,의약품
A208470,SMART 선진국MSCI World(합성 H),ETF,10,
A210540,디와이파워,KOSPI,1,기계
A210780,TIGER 코스피고배당,ETF,10,
A210980,SK디앤디,KOSPI,1,서비스업
A211260,KINDEX 배당성장,ETF,10,
A211560,TIGER 배당성장,ETF,10,
A211900,KODEX 배당성장,ETF,10,
A213500,한솔제지,KOSPI,1,"종이,목재"
A213610,KODEX 삼성그룹밸류,ETF,10,
A213630,ARIRANG 미국다우존스고배당주(합성 H),ETF,10,
A214320,이노션,KOSPI,1,서비스업
A214330,금호에이치티,KOSPI,1,운송장비
A214390,경보제약,KOSPI,1,의약품
A214420,토니모리,KOSPI,1,화학
A214980,KODEX 단기채권PLUS,ETF,10,
A215620,흥국 S&P코리아로우볼,ETF,10,
A217770,TIGER 원유선물인버스(H),ETF,10,
A217780,TIGER 차이나CSI300인버스(합성),ETF,10,
A217790,TIGER 가격조정,ETF,10,
A218420,KODEX 미국S&P에너지(합성),ETF,10,
A219390,KBSTAR 미국S&P원유생산기업(합성 H),ETF,10,
A219480,KODEX 미국S&P500선물(H),ETF,10,
A219900,KINDEX 중국본토CSI300레버리지(합성),ETF,10,
A220130,SMART 중국본토 중소형 CSI500(합성 H),ETF,10,
A223190,KODEX 200가치저변동,ETF,10,
A225030,TIGER 미국S&P500선물인버스(H),ETF,10,
A225040,TIGER 미국S&P500레버리지(합성 H),ETF,10,
A225050,TIGER 유로스탁스레버리지(합성 H),ETF,10,
A225060,TIGER 이머징마켓MSCI레버리지(합성 H),ETF,10,
A225130,KINDEX 골드선물 레버리지(합성 H),ETF,10,
A225800,KOSEF 미국달러선물레버리지,ETF,10,
A226320,잇츠한불,KOSPI,1,화학
A226380,KINDEX Fn성장소비주도주,ETF,10,
A226490,KODEX 코스피,ETF,10,
A226980,KODEX 200 중소형,ETF,10,
A227540,TIGER 200 헬스케어,ETF,10,
A227550,TIGER 200 산업재,ETF,10,
A227560,TIGER 200 생활소비재,ETF,10,
A227570,TIGER 우량가치,ETF,10,
A227830,ARIRANG 코스피,ETF,10,
A227840,현대코퍼레이션홀딩스,KOSPI,1,유통업
A228790,TIGER 화장품,ETF,10,
A228800,TIGER 여행레저,ETF,10,
A228810,TIGER 미디어컨텐츠,ETF,10,
A228820,TIGER KTOP30,ETF,10,
A229200,KODEX 코스닥 150,ETF,10,
A229640,LS전선아시아,KOSPI,1,금융업
A229720,KODEX KTOP30,ETF,10,
A230480,KOSEF 미국달러선물인버스2X,ETF,10,
A232080,TIGER 코스닥150,ETF,10,
A233160,TIGER 코스닥150 레버리지,ETF,10,
A233740,KODEX 코스닥150 레버리지,ETF,10,
A234080,JW생명과학,KOSPI,1,의약품
A234310,KBSTAR V&S셀렉트밸류,ETF,10,
A236350,TIGER 인도니프티50레버리지(합성),ETF,10,
A237350,KODEX 코스피100,ETF,10,
A237370,KODEX 배당성장채권혼합,ETF,10,
A237440,TIGER 경기방어채권혼합,ETF,10,
A238670,ARIRANG 스마트베타Quality채권혼합,ETF,10,
A238720,KINDEX 일본Nikkei225(H),ETF,10,
A239660,ARIRANG 우량회사채50 1년,ETF,10,
A241180,TIGER 일본니케이225,ETF,10,
A241390,KBSTAR V&S셀렉트밸류채권혼합,ETF,10,
A241560,두산밥캣,KOSPI,1,기계
A241590,화승엔터프라이즈,KOSPI,1,중형(시가총액)
A243880,TIGER 200IT레버리지,ETF,10,
A243890,TIGER 200에너지화학레버리지,ETF,10,
A244580,KODEX 바이오,ETF,10,
A244620,KODEX 모멘텀Plus,ETF,10,
A244660,KODEX 퀄리티Plus,ETF,10,
A244670,KODEX 밸류Plus,ETF,10,
A244920,에이플러스에셋,KOSPI,1,금융업
A245340,TIGER 미국다우존스30,ETF,10,
A245350,TIGER 유로스탁스배당30,ETF,10,
A245360,TIGER 차이나HSCEI,ETF,10,
A245710,KINDEX 베트남VN30(합성),ETF,10,
A248070,솔루엠,KOSPI,1,"전기,전자"
A248170,샘표식품,KOSPI,1,음식료품
A248260,TIGER 일본TOPIX헬스케어(합성),ETF,10,
A248270,TIGER S&P글로벌헬스케어(합성),ETF,10,
A249420,일동제약,KOSPI,1,의약품
A250730,KBSTAR 차이나HSCEI(H),ETF,10,
A250780,TIGER 코스닥150선물인버스,ETF,10,
A251270,넷마블,KOSPI,1,서비스업
A251340,KODEX 코스닥150선물인버스,ETF,10,
A251350,KODEX 선진국MSCI World,ETF,10,
A251590,ARIRANG 고배당저변동50,ETF,10,
A251600,ARIRANG 고배당주채권혼합,ETF,10,
A251890,KINDEX 코스닥(합성),ETF,10,
A252000,TIGER 200동일가중,ETF,10,
A252400,KBSTAR 200선물레버리지,ETF,10,
A252410,KBSTAR 200선물인버스,ETF,10,
A252420,KBSTAR 200선물인버스2X,ETF,10,
A252650,KODEX 200동일가중,ETF,10,
A252670,KODEX 200선물인버스2X,ETF,10,
A252710,TIGER 200선물인버스2X,ETF,10,
A252720,KBSTAR 모멘텀밸류,ETF,10,
A252730,KBSTAR 모멘텀로우볼,ETF,10,
A253150,ARIRANG 200선물레버리지,ETF,10,
A253160,ARIRANG 200선물인버스2X,ETF,10,
A253230,KOSEF 200선물인버스2X,ETF,10,
A253240,KOSEF 200선물인버스,ETF,10,
A253250,KOSEF 200선물레버리지,ETF,10,
A253280,KBSTAR 헬스케어,ETF,10,
A253290,KBSTAR 헬스케어채권혼합,ETF,10,
A256440,KINDEX 인도네시아MSCI(합성),ETF,10,
A256450,ARIRANG 심천차이넥스트(합성),ETF,10,
A256750,KODEX 심천ChiNext(합성),ETF,10,
A261060,TIGER 코스닥150IT,ETF,10,
A261070,TIGER 코스닥150바이오테크,ETF,10,
A261110,TIGER 미국달러선물레버리지,ETF,10,
A261120,TIGER 미국달러선물인버스2X,ETF,10,
A261140,TIGER 우선주,ETF,10,
A261220,KODEX WTI원유선물(H),ETF,10,
A261240,KODEX 미국달러선물,ETF,10,
A261250,KODEX 미국달러선물레버리지,ETF,10,
A261260,KODEX 미국달러선물인버스2X,ETF,10,
A261270,KODEX 미국달러선물인버스,ETF,10,
A261920,KINDEX 필리핀MSCI(합성),ETF,10,
A264900,크라운제과,KOSPI,1,음식료품
A26490K,크라운제과우,KOSPI,1,음식료품
A265690,KINDEX 러시아MSCI(합성),ETF,10,
A266160,KBSTAR 고배당,ETF,10,
A266360,KODEX 미디어&엔터테인먼트,ETF,10,
A266370,KODEX IT,ETF,10,
A266390,KODEX 경기소비재,ETF,10,
A266410,KODEX 필수소비재,ETF,10,
A266420,KODEX 헬스케어,ETF,10,
A266550,ARIRANG 중형주저변동50,ETF,10,
A267250,현대중공업지주,KOSPI,1,화학
A267260,현대일렉트릭,KOSPI,1,"전기,전자"
A267270,현대건설기계,KOSPI,1,기계
A267290,경동도시가스,KOSPI,1,전기가스업
A267440,KBSTAR 미국장기국채선물(H),ETF,10,
A267450,KBSTAR 미국장기국채선물인버스(H),ETF,10,
A267490,KBSTAR 미국장기국채선물레버리지(합성 H),ETF,10,
A267500,KBSTAR 미국장기국채선물인버스2X(합성 H),ETF,10,
A267770,TIGER 200선물레버리지,ETF,10,
A267850,아시아나IDT,KOSPI,1,서비스업
A268280,미원에스씨,KOSPI,1,화학
A269370,TIGER S&P글로벌인프라(합성),ETF,10,
A269420,KODEX S&P글로벌인프라(합성),ETF,10,
A269530,ARIRANG S&P글로벌인프라,ETF,10,
A269540,ARIRANG 미국S&P500(H),ETF,10,
A270800,KBSTAR KQ고배당,ETF,10,
A270810,KBSTAR 코스닥150,ETF,10,
A271050,KODEX WTI원유선물인버스(H),ETF,10,
A271060,KODEX 3대농산물선물(H),ETF,10,
A271560,오리온,KOSPI,1,음식료품
A271980,제일약품,KOSPI,1,의약품
A272210,한화시스템,KOSPI,1,"전기,전자"
A272220,KINDEX 스마트모멘텀,ETF,10,
A272230,KINDEX 스마트밸류,ETF,10,
A272450,진에어,KOSPI,1,운수창고
A272550,삼양패키징,KOSPI,1,화학
A272560,KBSTAR 단기국공채액티브,ETF,10,
A272570,KBSTAR 중장기국공채액티브,ETF,10,
A272580,TIGER 단기채권액티브,ETF,10,
A272910,KINDEX 중장기국공채액티브,ETF,10,
A273130,KODEX 종합채권(AA-이상)액티브,ETF,10,
A273140,KODEX 단기변동금리부채권액티브,ETF,10,
A275280,KODEX MSCI모멘텀,ETF,10,
A275290,KODEX MSCI밸류,ETF,10,
A275300,KODEX MSCI퀄리티,ETF,10,
A275750,KBSTAR 코스닥150선물인버스,ETF,10,
A275980,TIGER 글로벌4차산업혁신기술(합성 H),ETF,10,
A276000,TIGER 글로벌자원생산기업(합성 H),ETF,10,
A276650,KBSTAR 글로벌4차산업IT(합성 H),ETF,10,
A276970,KODEX 미국S&P고배당커버드콜(합성 H),ETF,10,
A276990,KODEX 글로벌4차산업로보틱스(합성),ETF,10,
A277540,KINDEX S&P아시아TOP50,ETF,10,
A277630,TIGER 코스피,ETF,10,
A277640,TIGER 코스피대형주,ETF,10,
A277650,TIGER 코스피중형주,ETF,10,
A278240,KBSTAR 코스닥150선물레버리지,ETF,10,
A278420,ARIRANG ESG우수기업,ETF,10,
A278530,KODEX 200TR,ETF,10,
A278540,KODEX MSCI Korea TR,ETF,10,
A278620,ARIRANG 단기채권액티브,ETF,10,
A279530,KODEX 고배당,ETF,10,
A279540,KODEX 최소변동성,ETF,10,
A280320,KINDEX 미국IT인터넷S&P(합성 H),ETF,10,
A280360,롯데제과,KOSPI,1,음식료품
A280920,ARIRANG 주도업종,ETF,10,
A280930,KODEX 미국러셀2000(H),ETF,10,
A280940,KODEX 골드선물인버스(H),ETF,10,
A281820,케이씨텍,KOSPI,1,의료정밀
A281990,KBSTAR 중소형고배당,ETF,10,
A282000,KBSTAR 국고채3년선물인버스,ETF,10,
A282330,BGF리테일,KOSPI,1,유통업
A282690,동아타이어,KOSPI,1,화학
A283580,KODEX 중국본토CSI300,ETF,10,
A284430,KODEX 200미국채혼합,ETF,10,
A284740,쿠쿠홈시스,KOSPI,1,서비스업
A284980,KBSTAR 200금융,ETF,10,
A284990,KBSTAR 200에너지화학,ETF,10,
A285000,KBSTAR 200IT,ETF,10,
A285010,KBSTAR 200중공업,ETF,10,
A285020,KBSTAR 200철강소재,ETF,10,
A285130,SK케미칼,KOSPI,1,화학
A28513K,SK케미칼우,KOSPI,1,화학
A285690,FOCUS ESG리더스,ETF,10,
A286940,롯데정보통신,KOSPI,1,서비스업
A287180,ARIRANG 미국나스닥기술주,ETF,10,
A287300,KBSTAR 200건설,ETF,10,
A287310,KBSTAR 200경기소비재,ETF,10,
A287320,KBSTAR 200산업재,ETF,10,
A287330,KBSTAR 200생활소비재,ETF,10,
A289040,KODEX MSCI KOREA ESG유니버설,ETF,10,
A289250,TIGER MSCI KOREA ESG유니버설,ETF,10,
A289260,TIGER MSCI KOREA ESG리더스,ETF,10,
A289480,TIGER 200커버드콜ATM,ETF,10,
A289670,ARIRANG 국채선물10년,ETF,10,
A290080,KBSTAR 200고배당커버드콜ATM,ETF,10,
A290130,KBSTAR ESG사회책임투자,ETF,10,
A291130,KINDEX 멕시코MSCI(합성),ETF,10,
A291620,KOSEF 코스닥150선물인버스,ETF,10,
A291630,KOSEF 코스닥150선물레버리지,ETF,10,
A291660,KODEX China H선물인버스(H),ETF,10,
A291680,KBSTAR 차이나H선물인버스(H),ETF,10,
A291890,KODEX MSCI EM선물(H),ETF,10,
A292050,KBSTAR KRX300,ETF,10,
A292150,TIGER TOP10,ETF,10,
A292160,TIGER KRX300,ETF,10,
A292190,KODEX KRX300,ETF,10,
A292340,마이티 200커버드콜ATM레버리지,ETF,10,
A292500,SMART KRX300,ETF,10,
A292560,TIGER 일본엔선물,ETF,10,
A292730,FOCUS KRX300,ETF,10,
A292750,ARIRANG KRX300,ETF,10,
A292770,KODEX 국채선물3년인버스,ETF,10,
A293180,HANARO 200,ETF,10,
A293480,하나제약,KOSPI,1,의약품
A293940,신한알파리츠,KOSPI,3,서비스업
A294400,KOSEF 200TR,ETF,10,
A294870,HDC현대산업개발,KOSPI,1,건설업
A295000,KBSTAR 국채선물10년,ETF,10,
A295020,KBSTAR 국채선물10년인버스,ETF,10,
A295040,SMART 200TR,ETF,10,
A295820,ARIRANG 200동일가중,ETF,10,
A296710,KODEX FnKorea50,ETF,10,
A298000,효성화학,KOSPI,1,화학
A298020,효성티앤씨,KOSPI,1,화학
A298040,효성중공업,KOSPI,1,"전기,전자"
A298050,효성첨단소재,KOSPI,1,화학
A298340,ARIRANG 국채선물3년,ETF,10,
A298690,에어부산,KOSPI,1,운수창고
A298770,KODEX 한국대만IT프리미어,ETF,10,
A299070,KINDEX 국채선물10년인버스,ETF,10,
A299080,KINDEX 국채선물3년인버스,ETF,10,
A300610,TIGER K게임,ETF,10,
A300640,KBSTAR 게임테마,ETF,10,
A300720,한일시멘트,KOSPI,1,비금속광물
A300950,KODEX 게임산업,ETF,10,
A301400,ARIRANG 코스닥150,ETF,10,
A301410,ARIRANG 코스닥150선물인버스,ETF,10,
A301440,ARIRANG 코스피중형주,ETF,10,
A302170,TIGER 국채선물3년인버스,ETF,10,
A302180,TIGER 국채선물10년인버스,ETF,10,
A302190,TIGER 중장기국채,ETF,10,
A302440,SK바이오사이언스,KOSPI,1,의약품
A302450,KBSTAR 코스피,ETF,10,
A304660,KODEX 미국채울트라30년선물(H),ETF,10,
A304670,KODEX 미국채울트라30년선물인버스(H),ETF,10,
A304760,HANARO KRX300,ETF,10,
A304770,HANARO 코스닥150,ETF,10,
A304780,HANARO 200선물레버리지,ETF,10,
A304940,KODEX 미국나스닥100선물(H),ETF,10,
A305050,KINDEX 코스피,ETF,10,
A305080,TIGER 미국채10년선물,ETF,10,
A305540,TIGER 2차전지테마,ETF,10,
A305720,KODEX 2차전지산업,ETF,10,
A306200,세아제강,KOSPI,1,"철강,금속"
A306520,HANARO 200선물인버스,ETF,10,
A306530,HANARO 코스닥150선물레버리지,ETF,10,
A306540,HANARO 단기통안채,ETF,10,
A306950,KODEX KRX300레버리지,ETF,10,
A307010,KBSTAR KRX300레버리지,ETF,10,
A307510,TIGER 의료기기,ETF,10,
A307520,TIGER 지주회사,ETF,10,
A307950,현대오토에버,KOSPI,1,서비스업
A308170,센트랄모텍,KOSPI,1,운송장비
A308620,KODEX 미국채10년선물,ETF,10,
A309170,ARIRANG KRX300IT,ETF,10,
A309210,ARIRANG KRX300헬스케어,ETF,10,
A309230,KINDEX 미국WideMoat가치주,ETF,10,
A310080,KBSTAR 중국MSCI China선물(H),ETF,10,
A310960,TIGER 200TR,ETF,10,
A310970,TIGER MSCI Korea TR,ETF,10,
A314250,KODEX 미국FANG플러스(H),ETF,10,
A314700,HANARO 농업융복합산업,ETF,10,
A315270,TIGER 200커뮤니케이션서비스,ETF,10,
A315480,KBSTAR 200커뮤니케이션서비스,ETF,10,
A315930,KODEX Top5PlusTR,ETF,10,
A315960,KBSTAR 대형고배당10TR,ETF,10,
A316140,우리금융지주,KOSPI,1,금융업
A316300,KINDEX 싱가포르리츠,ETF,10,
A316670,KOSEF 코스닥150,ETF,10,
A317400,자이에스앤디,KOSPI,1,서비스업
A319640,TIGER 골드선물(H),ETF,10,
A319870,KBSTAR KRX300미국달러선물혼합,ETF,10,
A321410,KODEX 멀티에셋하이인컴(H),ETF,10,
A322000,현대에너지솔루션,KOSPI,1,"전기,전자"
A322120,KINDEX 스마트퀄리티,ETF,10,
A322130,KINDEX 스마트로우볼,ETF,10,
A322150,KINDEX 스마트하이베타,ETF,10,
A322400,HANARO e커머스,ETF,10,
A322410,HANARO 고배당,ETF,10,
A325010,KODEX Fn성장,ETF,10,
A325020,KODEX 배당가치,ETF,10,
A326030,SK바이오팜,KOSPI,1,서비스업
A326230,KBSTAR 내수주플러스,ETF,10,
A326240,KBSTAR IT플러스,ETF,10,
A328370,ARIRANG 코스피TR,ETF,10,
A329200,TIGER 부동산인프라고배당,ETF,10,
A329650,KODEX TRF3070,ETF,10,
A329660,KODEX TRF5050,ETF,10,
A329670,KODEX TRF7030,ETF,10,
A329750,TIGER 미국달러단기채권액티브,ETF,10,
A330590,롯데리츠,KOSPI,3,서비스업
A331910,KOSEF Fn중소형,ETF,10,
A332500,KINDEX 200TR,ETF,10,
A332610,ARIRANG 미국단기우량회사채,ETF,10,
A332620,ARIRANG 미국장기우량회사채,ETF,10,
A332930,HANARO 200TR,ETF,10,
A332940,HANARO MSCI Korea TR,ETF,10,
A333940,ARIRANG KS로우볼가중TR,ETF,10,
A333950,ARIRANG KS로우사이즈가중TR,ETF,10,
A333960,ARIRANG KS모멘텀가중TR,ETF,10,
A333970,ARIRANG KS밸류가중TR,ETF,10,
A333980,ARIRANG KS퀄리티가중TR,ETF,10,
A334690,KBSTAR 팔라듐선물(H),ETF,10,
A334700,KBSTAR 팔라듐선물인버스(H),ETF,10,
A334890,이지스밸류리츠,KOSPI,3,서비스업
A336160,KBSTAR 금융채액티브,ETF,10,
A336260,두산퓨얼셀,KOSPI,1,"전기,전자"
A33626K,두산퓨얼셀1우,KOSPI,1,"전기,전자"
A33626L,두산퓨얼셀2우B,KOSPI,1,"전기,전자"
A336370,솔루스첨단소재,KOSPI,1,"전기,전자"
A33637K,솔루스첨단소재1우,KOSPI,1,"전기,전자"
A33637L,솔루스첨단소재2우B,KOSPI,1,"전기,전자"
A337120,KODEX Fn멀티팩터,ETF,10,
A337140,KODEX 코스피대형주,ETF,10,
A337150,KODEX 200exTOP,ETF,10,
A337160,KODEX 200ESG,ETF,10,
A338100,NH프라임리츠,KOSPI,3,서비스업
A339770,교촌에프앤비,KOSPI,1,유통업
A341850,TIGER KIS부동산인프라채권TR,ETF,10,
A342140,KINDEX 모닝스타싱가포르리츠채권혼합,ETF,10,
A342500,KBSTAR KRX국채선물3년10년스티프너,ETF,10,
A342600,KBSTAR KRX국채선물3년10년스티프너2X,ETF,10,
A342610,KBSTAR KRX국채선물3년10년플래트너,ETF,10,
A342620,KBSTAR KRX국채선물3년10년플래트너2X,ETF,10,
A344820,케이씨씨글라스,KOSPI,1,비금속광물
A346000,HANARO KAP초장기국고채,ETF,10,
A348950,제이알글로벌리츠,KOSPI,3,서비스업
A350520,이지스레지던스리츠,KOSPI,3,서비스업
A352540,KODEX TSE일본리츠(H),ETF,10,
A352560,KODEX 다우존스미국리츠(H),ETF,10,
A352820,하이브,KOSPI,1,서비스업
A353200,대덕전자,KOSPI,1,"전기,전자"
A35320K,대덕전자1우,KOSPI,1,"전기,전자"
A354240,KBSTAR 미국고정배당우선증권ICE TR,ETF,10,
A354350,HANARO 글로벌럭셔리S&P(합성),ETF,10,
A354500,KINDEX 코스닥150,ETF,10,
A356540,KINDEX KIS종합채권(AA-이상)액티브,ETF,10,
A357120,코람코에너지리츠,KOSPI,3,서비스업
A357250,미래에셋맵스리츠,KOSPI,3,서비스업
A357870,TIGER CD금리투자KIS(합성),ETF,10,
A359210,KODEX 코스피TR,ETF,10,
A360140,KODEX 200롱코스닥150숏선물,ETF,10,
A360150,KODEX 코스닥150롱코스피200숏선물,ETF,10,
A360200,KINDEX 미국S&P500,ETF,10,
A360750,TIGER 미국S&P500,ETF,10,
A361580,KBSTAR 200TR,ETF,10,
A361590,KBSTAR 코스피ex200,ETF,10,
A361610,SK아이이테크놀로지,KOSPI,1,"전기,전자"
A363280,티와이홀딩스,KOSPI,1,금융업
A36328K,티와이홀딩스우,KOSPI,1,금융업
A363510,SMART KIS단기통안채,ETF,10,
A363570,KODEX 장기종합채권(AA-이상)액티브KAP,ETF,10,
A363580,KODEX 200IT TR,ETF,10,
A364690,KODEX 혁신기술테마액티브,ETF,10,
A364960,TIGER KRX BBIG K-뉴딜,ETF,10,
A364970,TIGER KRX바이오K-뉴딜,ETF,10,
A364980,TIGER KRX2차전지K-뉴딜,ETF,10,
A364990,TIGER KRX게임K-뉴딜,ETF,10,
A365000,TIGER KRX인터넷K-뉴딜,ETF,10,
A365040,TIGER AI코리아그로스액티브,ETF,10,
A365550,ESR켄달스퀘어리츠,KOSPI,3,서비스업
A365780,KINDEX 국고채10년,ETF,10,
A367380,KINDEX 미국나스닥100,ETF,10,
A367740,HANARO Fn5G산업,ETF,10,
A367760,KBSTAR Fn5G테크,ETF,10,
A367770,KBSTAR Fn수소경제테마,ETF,10,
A368190,HANARO Fn K-뉴딜디지털플러스,ETF,10,
A368200,KBSTAR Fn K-뉴딜디지털플러스,ETF,10,
A368470,KINDEX Fn K-뉴딜디지털플러스,ETF,10,
A368590,KBSTAR 미국나스닥100,ETF,10,
A368680,KODEX Fn K-뉴딜디지털플러스,ETF,10,
A371130,KINDEX 블룸버그베트남VN30선물레버리지(H),ETF,10,
A371150,KBSTAR 차이나항셍테크,ETF,10,
A371160,TIGER 차이나항셍테크,ETF,10,
A371450,TIGER 글로벌클라우드컴퓨팅INDXX,ETF,10,
A371460,TIGER 차이나전기차SOLACTIVE,ETF,10,
A371470,TIGER 차이나바이오테크SOLACTIVE,ETF,10,
A371870,KINDEX 차이나항셍테크,ETF,10,
A372330,KODEX 차이나항셍테크,ETF,10,
A373490,KODEX K-이노베이션액티브,ETF,10,
A373530,ARIRANG 신흥국MSCI인버스(합성 H),ETF,10,
A373790,KOSEF 미국방어배당성장나스닥,ETF,10,
A375270,KBSTAR 글로벌데이터센터리츠나스닥(합성),ETF,10,
A375500,DL이앤씨,KOSPI,1,건설업
A37550K,DL이앤씨우,KOSPI,1,건설업
A375760,HANARO 탄소효율그린뉴딜,ETF,10,
A375770,KODEX 탄소효율그린뉴딜,ETF,10,
A376250,ARIRANG 탄소효율그린뉴딜,ETF,10,
A376410,TIGER 탄소효율그린뉴딜,ETF,10,
A377990,TIGER Fn신재생에너지,ETF,10,
A378850,화승알앤에이,KOSPI,1,운송장비
A379780,KBSTAR 미국S&P500,ETF,10,
A379790,KBSTAR 유로스탁스50(H),ETF,10,
A379800,KODEX 미국S&P500TR,ETF,10,
A379810,KODEX 미국나스닥100TR,ETF,10,
A380340,KINDEX Fn5G플러스,ETF,10,
A380440,엔에이치스팩19호,KOSPI,1,금융업
A381170,TIGER 미국테크TOP10 INDXX,ETF,10,
A381180,TIGER 미국필라델피아반도체나스닥,ETF,10,
A381560,HANARO Fn전기&수소차,ETF,10,
A381570,HANARO Fn친환경에너지,ETF,10,
A383220,F&F,KOSPI,1,"섬유,의복"
A383800,LX홀딩스,KOSPI,1,증권
A38380K,LX홀딩스1우,KOSPI,1,증권
A385510,KODEX K-신재생에너지액티브,ETF,10,
A385520,KODEX K-미래차액티브,ETF,10,
A385540,KBSTAR KIS종합채권(A-이상)액티브,ETF,10,
A385550,KBSTAR KIS단기종합채권(AA-이상)액티브,ETF,10,
A385560,KBSTAR KIS국고채30년Enhanced,ETF,10,
A385590,네비게이터 ESG액티브,ETF,10,
A385600,네비게이터 친환경자동차밸류체인액티브,ETF,10,
A385710,TIMEFOLIO BBIG액티브,ETF,10,
A385720,TIMEFOLIO Kstock액티브,ETF,10,
A387270,TIGER 글로벌BBIG액티브,ETF,10,
A387280,TIGER 퓨처모빌리티액티브,ETF,10,
A900140,엘브이엠씨홀딩스,KOSPI,13,자동차및부품판매업
A950210,프레스티지바이오파마,KOSPI,6,연구개발업
Q500001,신한 K200 USD 선물 바이셀 ETN,KOSPI,17,
Q500002,신한 USD K200 선물 바이셀 ETN,KOSPI,17,
Q500003,신한 인버스 WTI원유 선물 ETN(H),KOSPI,17,
Q500004,신한 브렌트원유 선물 ETN(H),KOSPI,17,
Q500005,신한 인버스 브렌트원유 선물 ETN(H),KOSPI,17,
Q500006,신한 인버스 금 선물 ETN(H),KOSPI,17,
Q500007,신한 인버스 은 선물 ETN(H),KOSPI,17,
Q500008,신한 인버스 구리 선물 ETN(H),KOSPI,17,
Q500009,신한 다우존스지수 선물 ETN(H),KOSPI,17,
Q500010,신한 인버스 다우존스지수 선물 ETN(H),KOSPI,17,
Q500011,신한 달러인덱스 선물 ETN(H),KOSPI,17,
Q500012,신한 인버스 달러인덱스 선물 ETN(H),KOSPI,17,
Q500013,신한 옥수수 선물 ETN(H),KOSPI,17,
Q500014,신한 인버스 옥수수 선물 ETN(H),KOSPI,17,
Q500015,신한 WTI원유 선물 ETN(H),KOSPI,17,
Q500016,신한 금 선물 ETN(H),KOSPI,17,
Q500017,신한 은 선물 ETN(H),KOSPI,17,
Q500018,신한 구리 선물 ETN(H),KOSPI,17,
Q500019,신한 레버리지 WTI원유 선물 ETN(H),KOSPI,17,
Q500020,신한 레버리지 다우존스지수 선물 ETN(H),KOSPI,17,
Q500021,신한 천연가스 선물 ETN(H),KOSPI,17,
Q500022,신한 인버스 천연가스 선물 ETN(H),KOSPI,17,
Q500023,신한 콩 선물 ETN(H),KOSPI,17,
Q500024,신한 인버스 콩 선물 ETN(H),KOSPI,17,
Q500027,신한 인버스 2X WTI원유 선물 ETN(H),KOSPI,17,
Q500028,신한 인버스 2X 다우존스지수 선물 ETN(H),KOSPI,17,
Q500029,신한 레버리지 은 선물 ETN(H),KOSPI,17,
Q500030,신한 인버스 2X 은 선물 ETN(H),KOSPI,17,
Q500032,신한 인버스 2X 천연가스 선물 ETN(H),KOSPI,17,
Q500035,신한 레버리지 미국달러 선물 ETN,KOSPI,17,
Q500036,신한 인버스 2X 미국달러 선물 ETN,KOSPI,17,
Q500037,신한 레버리지 금 선물 ETN,KOSPI,17,
Q500038,신한 인버스 2X 금 선물 ETN,KOSPI,17,
Q500039,신한 코스피 콘도르 4/10% ETN,KOSPI,17,
Q500040,신한 레버리지 구리 선물 ETN,KOSPI,17,
Q500041,신한 인버스 2X 구리 선물 ETN,KOSPI,17,
Q500042,신한 코스피 콘도르 6/10% ETN,KOSPI,17,
Q500043,신한 코스피 콘도르 4/10% 콜 2204-01 ETN,KOSPI,17,
Q500044,신한 코스피 콘도르 6/10% 콜 2204-01 ETN,KOSPI,17,
Q500046,신한 코스피 월별 양매도 3% OTM ETN,KOSPI,17,
Q500047,신한 코스피 월별 양매도 5% OTM ETN,KOSPI,17,
Q500048,신한 코스피 월별 양매도 3% 콜 2206-1 ETN,KOSPI,17,
Q500049,신한 코스피 월별 양매도 5% 콜 2206-1 ETN,KOSPI,17,
Q500050,신한 레버리지 S&P500 선물 ETN,KOSPI,17,
Q500051,신한 인버스 2X S&P500 선물 ETN,KOSPI,17,
Q500052,신한 FnGuide 5G 테마주 ETN,KOSPI,17,
Q500053,신한 레버리지 천연가스 선물 ETN,KOSPI,17,
Q500054,신한 인버스 2X 천연가스 선물 ETN,KOSPI,17,
Q500055,신한 인버스 Russell 2000 ETN,KOSPI,17,
Q500056,신한 레버리지 Russell 2000 ETN,KOSPI,17,
Q500057,신한 인버스 2X Russell 2000 ETN,KOSPI,17,
Q500058,신한 S&P500 VIX S/T 선물 ETN C,KOSPI,17,
Q510001,대신 WTI원유 선물 ETN(H),KOSPI,17,
Q510002,대신 아연선물 ETN(H),KOSPI,17,
Q510003,대신 니켈선물 ETN(H),KOSPI,17,
Q510004,대신 인버스 아연선물 ETN(H),KOSPI,17,
Q510005,대신 2X 아연선물 ETN(H),KOSPI,17,
Q510006,대신 인버스 니켈선물 ETN(H),KOSPI,17,
Q510007,대신 2X 니켈선물 ETN(H),KOSPI,17,
Q510008,대신 철광석 선물 ETN(H),KOSPI,17,
Q510009,대신 인버스 철광석 선물 ETN(H),KOSPI,17,
Q510010,대신 인버스 2X 니켈선물 ETN(H),KOSPI,17,
Q510011,대신 골드 커버드콜 타겟 5%인컴 ETN(H),KOSPI,17,
Q510014,대신 알루미늄 선물 ETN(H),KOSPI,17,
Q510015,대신 밀 선물 ETN(H),KOSPI,17,
Q520003,미래에셋 원자재 선물 ETN(H),KOSPI,17,
Q520004,미래에셋 전기전자 Core5 ETN,KOSPI,17,
Q520005,미래에셋 인버스 전기전자 Core5 ETN,KOSPI,17,
Q520006,미래에셋 에너지화학 Core5 ETN,KOSPI,17,
Q520007,미래에셋 인버스 에너지화학 Core5 ETN,KOSPI,17,
Q520009,미래에셋 레버리지 원유선물혼합 ETN(H),KOSPI,17,
Q520010,미래에셋 원유선물혼합 ETN(H),KOSPI,17,
Q520011,미래에셋 인버스 원유선물혼합 ETN(H),KOSPI,17,
Q520013,미래에셋 Q150 Core5 ETN,KOSPI,17,
Q520014,미래에셋 미디어엔터 Core5 ETN,KOSPI,17,
Q520015,미래에셋 인버스 미디어엔터 Core5 ETN,KOSPI,17,
Q520026,미래에셋 코스피 양매도 5% OTM ETN,KOSPI,17,
Q520030,미래에셋 KRX금현물 Auto-KO-C 2312-01 ETN,KOSPI,17,
Q530002,삼성 인버스 China A50 선물 ETN(H),KOSPI,17,
Q530004,삼성 화장품 테마주 ETN,KOSPI,17,
Q530013,삼성 KTOP30 ETN,KOSPI,17,
Q530014,삼성 China A50 선물 ETN(H),KOSPI,17,
Q530015,삼성 미국 대형 성장주 ETN(H),KOSPI,17,
Q530016,삼성 미국 대형 가치주 ETN(H),KOSPI,17,
Q530019,삼성 미국 대형 성장주 ETN,KOSPI,17,
Q530020,삼성 미국 대형 가치주 ETN,KOSPI,17,
Q530023,삼성 레버리지 China A50 선물 ETN(H),KOSPI,17,
Q530031,삼성 레버리지 WTI원유 선물 ETN,KOSPI,17,
Q530032,삼성 Cushing 에너지인프라 MLP ETN,KOSPI,17,
Q530033,삼성 Alerian 에너지인프라 MLP ETN,KOSPI,17,
Q530036,삼성 인버스 2X WTI원유 선물 ETN,KOSPI,17,
Q530053,삼성 코스피 풋매도 ETN,KOSPI,17,
Q530055,삼성 레버리지 금 선물 ETN(H),KOSPI,17,
Q530056,삼성 인버스 2X 금 선물 ETN(H),KOSPI,17,
Q530060,삼성 코스피 양매도 5% OTM ETN,KOSPI,17,
Q530061,삼성 레버리지 은 선물 ETN(H),KOSPI,17,
Q530062,삼성 인버스 2X 은 선물 ETN(H),KOSPI,17,
Q530063,삼성 레버리지 구리 선물 ETN(H),KOSPI,17,
Q530064,삼성 인버스 2X 구리 선물 ETN(H),KOSPI,17,
Q530066,삼성 코스피 풋매도 4% OTM ETN,KOSPI,17,
Q530067,삼성 KRX 금현물 ETN,KOSPI,17,
Q530068,삼성 레버리지 천연가스 선물 ETN B,KOSPI,17,
Q530069,삼성 인버스 2X 천연가스 선물 ETN B,KOSPI,17,
Q530070,삼성 레버리지 나스닥 100 ETN(H),KOSPI,17,
Q530071,삼성 인버스 2X 나스닥 100 ETN(H),KOSPI,17,
Q530072,삼성 S&P500 VIX S/T 선물 ETN(H) C,KOSPI,17,
Q530073,삼성 HSCEI ETN(H),KOSPI,17,
Q530074,삼성 인버스 HSCEI ETN(H),KOSPI,17,
Q530075,삼성 레버리지 HSCEI ETN(H),KOSPI,17,
Q530076,삼성 인버스 2X HSCEI ETN(H),KOSPI,17,
Q550041,QV 미국 IT TOP5 ETN(H),KOSPI,17,
Q550042,QV 레버리지 WTI원유 선물 ETN(H),KOSPI,17,
Q550043,QV 인버스 레버리지 WTI원유 선물 ETN(H),KOSPI,17,
Q550044,QV 레버리지 S&P500 ETN,KOSPI,17,
Q550045,QV 인버스 레버리지 S&P500 ETN,KOSPI,17,
Q550057,QV 코스피 변동성 매칭형 양매도 ETN,KOSPI,17,
Q550059,QV iSelect 글로벌 EMP ETN(H),KOSPI,17,
Q550060,QV S&P500 VIX S/T 선물 ETN C,KOSPI,17,
Q570019,TRUE 코스피 양매도 5% OTM ETN,KOSPI,17,
Q570020,TRUE 코스피 커버드콜 ETN B,KOSPI,17,
Q570021,TRUE 코스피 커버드풋 ETN B,KOSPI,17,
Q570022,TRUE 레버리지 S&P500 선물 ETN(H),KOSPI,17,
Q570023,TRUE 인버스 2X S&P500 선물 ETN(H),KOSPI,17,
Q570025,TRUE 인버스 유로스탁스50 ETN(H) B,KOSPI,17,
Q570027,TRUE 인버스 2X 유로스탁스50 ETN(H),KOSPI,17,
Q570028,TRUE 인버스 HSCEI ETN(H) B,KOSPI,17,
Q570029,TRUE 코스피 양매도 3% OTM ETN,KOSPI,17,
Q570030,TRUE 코스피 양매도 ATM ETN,KOSPI,17,
Q570031,TRUE 레버리지 HSCEI ETN(H),KOSPI,17,
Q570032,TRUE 인버스 2X HSCEI ETN(H),KOSPI,17,
Q570034,TRUE 엔선물 ETN B,KOSPI,17,
Q570035,TRUE 레버리지 엔선물 ETN B,KOSPI,17,
Q570036,TRUE 인버스 엔선물 ETN B,KOSPI,17,
Q570037,TRUE 유로선물 ETN B,KOSPI,17,
Q570038,TRUE 인버스 유로선물 ETN B,KOSPI,17,
Q570042,TRUE 인버스 나스닥 100 ETN,KOSPI,17,
Q570043,TRUE 레버리지 나스닥 100 ETN,KOSPI,17,
Q570044,TRUE 인버스 2X 나스닥 100 ETN,KOSPI,17,
Q570045,TRUE 레버리지 천연가스 선물 ETN(H),KOSPI,17,
Q570046,TRUE 인버스 2X 천연가스 선물 ETN(H),KOSPI,17,
Q570047,TRUE FTSE100 ETN,KOSPI,17,
Q570048,TRUE 유로스탁스50 양매도 5% OTM ETN(H),KOSPI,17,
Q570049,TRUE S&P500 양매도 4% OTM ETN(H),KOSPI,17,
Q570050,TRUE S&P500 선물 ETN,KOSPI,17,
Q570051,TRUE 나스닥 100 ETN,KOSPI,17,
Q570052,TRUE 플래티넘 선물 ETN,KOSPI,17,
Q570053,TRUE 인버스 플래티넘 선물 ETN,KOSPI,17,
Q570054,TRUE 레버리지 유로스탁스50 ETN(H) B,KOSPI,17,
Q570055,TRUE 금 선물 ETN,KOSPI,17,
Q570056,TRUE 인버스 금 선물 ETN,KOSPI,17,
Q570057,TRUE 은 선물 ETN,KOSPI,17,
Q570058,TRUE 인버스 은 선물 ETN,KOSPI,17,
Q580010,KB Wise 분할매매 ETN,KOSPI,17,
Q580011,KB FnGuide 언택트 ETN,KOSPI,17,
Q580012,KB KRX300 ETN,KOSPI,17,
Q580013,KB KRX ESG Eco ETN,KOSPI,17,
Q580014,KB 인버스 2X 나스닥 100 ETN,KOSPI,17,
Q580015,KB 레버리지 나스닥 100 ETN,KOSPI,17,
Q580016,KB 레버리지 S&P 500 선물 ETN(H),KOSPI,17,
Q580017,KB 인버스 2X S&P 500 선물 ETN,KOSPI,17,
Q590009,미래에셋 미국 항공우주 ETN(H),KOSPI,17,
Q590010,미래에셋 레버리지 S&P500 ETN(H),KOSPI,17,
Q590011,미래에셋 인버스 S&P500 ETN(H),KOSPI,17,
Q590012,미래에셋 글로벌 리츠 ETN(H),KOSPI,17,
Q590013,미래에셋 미국 리츠 ETN(H),KOSPI,17,
Q590018,미래에셋 중국 심천 100 ETN,KOSPI,17,
Q700001,하나 코스피 변동성추세 추종 양매도 ETN,KOSPI,17,
Q700002,하나 KRX300 ETN,KOSPI,17,
Q700003,하나 KRX BBIG K-뉴딜 ETN,KOSPI,17,
A000250,삼천당제약,KOSDAQ,1,(코스닥)제약
A000440,중앙에너비스,KOSDAQ,1,(코스닥)유통
A001000,신라섬유,KOSDAQ,1,(코스닥)유통
A001540,안국약품,KOSDAQ,1,(코스닥)제약
A001810,무림SP,KOSDAQ,1,"(코스닥)종이, 목재"
A001840,이화공영,KOSDAQ,1,(코스닥)건설
A002230,피에스텍,KOSDAQ,1,"(코스닥)의료, 정밀기기"
A002290,삼일기업공사,KOSDAQ,1,(코스닥)건설
A002680,한탑,KOSDAQ,1,"(코스닥)음식료, 담배"
A002800,신신제약,KOSDAQ,1,(코스닥)제약
A003100,선광,KOSDAQ,1,(코스닥)운송
A003310,대주산업,KOSDAQ,1,"(코스닥)음식료, 담배"
A003380,하림지주,KOSDAQ,1,(코스닥)금융
A003800,에이스침대,KOSDAQ,1,(코스닥)기타 제조
A004590,한국가구,KOSDAQ,1,(코스닥)유통
A004650,창해에탄올,KOSDAQ,1,"(코스닥)음식료, 담배"
A004780,대륙제관,KOSDAQ,1,(코스닥)금속
A005160,동국산업,KOSDAQ,1,(코스닥)금속
A005290,동진쎄미켐,KOSDAQ,1,(코스닥)반도체
A005670,푸드웰,KOSDAQ,1,"(코스닥)음식료, 담배"
A005710,대원산업,KOSDAQ,1,"(코스닥)운송장비, 부품"
A005860,한일사료,KOSDAQ,1,"(코스닥)음식료, 담배"
A005990,매일홀딩스,KOSDAQ,1,"(코스닥)음식료, 담배"
A006050,국영지앤엠,KOSDAQ,1,(코스닥)비금속
A006140,피제이전자,KOSDAQ,1,"(코스닥)의료, 정밀기기"
A006580,대양제지,KOSDAQ,1,"(코스닥)종이, 목재"
A006620,동구바이오제약,KOSDAQ,1,(코스닥)제약
A006730,서부T&D,KOSDAQ,1,(코스닥)KOSDAQ MID 300
A006910,보성파워텍,KOSDAQ,1,(코스닥)금속
A006920,모헨즈,KOSDAQ,1,(코스닥)비금속
A007330,푸른저축은행,KOSDAQ,1,(코스닥)금융
A007370,진양제약,KOSDAQ,1,(코스닥)제약
A007390,네이처셀,KOSDAQ,1,(코스닥)제약
A007530,영신금속,KOSDAQ,1,(코스닥)금속
A007680,대원,KOSDAQ,1,(코스닥)건설
A007720,대명소노시즌,KOSDAQ,1,(코스닥)유통
A007770,한일화학,KOSDAQ,1,(코스닥)화학
A007820,에스엠코어,KOSDAQ,1,"(코스닥)기계, 장비"
A008290,원풍물산,KOSDAQ,1,"(코스닥)섬유, 의류"
A008370,원풍,KOSDAQ,1,(코스닥)화학
A008470,부스타,KOSDAQ,1,(코스닥)금속
A008800,행남사,KOSDAQ,1,"(코스닥)음식료, 담배"
A008830,대동기어,KOSDAQ,1,"(코스닥)기계, 장비"
A009300,삼아제약,KOSDAQ,1,(코스닥)제약
A009520,포스코엠텍,KOSDAQ,1,(코스닥)금속
A009620,삼보산업,KOSDAQ,1,(코스닥)금속
A009730,코센,KOSDAQ,1,(코스닥)금속
A009780,엠에스씨,KOSDAQ,1,"(코스닥)음식료, 담배"
A010170,대한광통신,KOSDAQ,1,(코스닥)일반전기전자
A010240,흥국,KOSDAQ,1,"(코스닥)기계, 장비"
A010280,쌍용정보통신,KOSDAQ,1,(코스닥)컴퓨터서비스
A010470,오리콤,KOSDAQ,1,(코스닥)기타
A011040,경동제약,KOSDAQ,1,(코스닥)제약
A011080,형지I&C,KOSDAQ,1,"(코스닥)섬유, 의류"
A011320,유니크,KOSDAQ,1,"(코스닥)운송장비, 부품"
A011370,서한,KOSDAQ,1,(코스닥)건설
A011560,세보엠이씨,KOSDAQ,1,(코스닥)건설
A012340,뉴인텍,KOSDAQ,1,(코스닥)IT부품
A012620,원일특강,KOSDAQ,1,(코스닥)금속
A012700,리드코프,KOSDAQ,1,(코스닥)유통
A012790,신일제약,KOSDAQ,1,(코스닥)제약
A012860,모베이스전자,KOSDAQ,1,"(코스닥)운송장비, 부품"
A013030,하이록코리아,KOSDAQ,1,(코스닥)금속
A013120,동원개발,KOSDAQ,1,(코스닥)건설
A013310,아진산업,KOSDAQ,1,"(코스닥)운송장비, 부품"
A013720,청보산업,KOSDAQ,1,"(코스닥)운송장비, 부품"
A013810,스페코,KOSDAQ,1,"(코스닥)기계, 장비"
A013990,아가방컴퍼니,KOSDAQ,1,(코스닥)유통
A014100,메디앙스,KOSDAQ,1,(코스닥)화학
A014190,원익큐브,KOSDAQ,1,(코스닥)유통
A014200,광림,KOSDAQ,1,"(코스닥)운송장비, 부품"
A014470,부방,KOSDAQ,1,(코스닥)금융
A014570,고려제약,KOSDAQ,1,(코스닥)제약
A014620,성광벤드,KOSDAQ,1,(코스닥)금속
A014940,오리엔탈정공,KOSDAQ,1,"(코스닥)기계, 장비"
A014970,삼륭물산,KOSDAQ,1,"(코스닥)종이, 목재"
A015710,코콤,KOSDAQ,1,(코스닥)통신장비
A015750,성우하이텍,KOSDAQ,1,"(코스닥)운송장비, 부품"
A016100,리더스코스메틱,KOSDAQ,1,(코스닥)화학
A016250,SGC이테크건설,KOSDAQ,1,(코스닥)건설
A016600,큐캐피탈,KOSDAQ,1,(코스닥)금융
A016670,인피니티엔티,KOSDAQ,1,(코스닥)유통
A016790,현대사료,KOSDAQ,1,"(코스닥)음식료, 담배"
A016920,카스,KOSDAQ,1,(코스닥)유통
A017000,신원종합개발,KOSDAQ,1,(코스닥)건설
A017250,인터엠,KOSDAQ,1,(코스닥)일반전기전자
A017480,삼현철강,KOSDAQ,1,(코스닥)금속
A017510,세명전기,KOSDAQ,1,(코스닥)금속
A017650,대림제지,KOSDAQ,1,"(코스닥)종이, 목재"
A017890,한국알콜,KOSDAQ,1,(코스닥)화학
A018000,유니슨,KOSDAQ,1,"(코스닥)기계, 장비"
A018120,진로발효,KOSDAQ,1,"(코스닥)음식료, 담배"
A018290,브이티지엠피,KOSDAQ,1,(코스닥)일반전기전자
A018310,삼목에스폼,KOSDAQ,1,(코스닥)금속
A018620,우진비앤지,KOSDAQ,1,(코스닥)제약
A018680,서울제약,KOSDAQ,1,(코스닥)제약
A018700,바른손,KOSDAQ,1,(코스닥)유통
A019010,베뉴지,KOSDAQ,1,(코스닥)유통
A019210,와이지-원,KOSDAQ,1,(코스닥)금속
A019540,일지테크,KOSDAQ,1,"(코스닥)운송장비, 부품"
A019550,SBI인베스트먼트,KOSDAQ,1,(코스닥)금융
A019570,리더스 기술투자,KOSDAQ,1,(코스닥)금융
A019590,엠벤처투자,KOSDAQ,1,(코스닥)금융
A019660,글로본,KOSDAQ,1,(코스닥)유통
A019770,서연탑메탈,KOSDAQ,1,"(코스닥)기계, 장비"
A019990,에너토크,KOSDAQ,1,"(코스닥)기계, 장비"
A020180,대신정보통신,KOSDAQ,1,(코스닥)컴퓨터서비스
A020400,대동금속,KOSDAQ,1,(코스닥)금속
A020710,시공테크,KOSDAQ,1,(코스닥)기타
A021040,대호특수강,KOSDAQ,1,(코스닥)금속
A021045,대호특수강우,KOSDAQ,1,(코스닥)금속
A021080,에이티넘인베스트,KOSDAQ,1,(코스닥)금융
A021320,KCC건설,KOSDAQ,1,(코스닥)건설
A021650,한국큐빅,KOSDAQ,1,(코스닥)화학
A021880,메이슨캐피탈,KOSDAQ,1,(코스닥)금융
A022100,포스코 ICT,KOSDAQ,1,(코스닥)기타
A022220,정산애강,KOSDAQ,1,(코스닥)화학
A023160,태광,KOSDAQ,1,(코스닥)금속
A023410,유진기업,KOSDAQ,1,(코스닥)비금속
A023440,제일제강,KOSDAQ,1,(코스닥)금속
A023460,CNH,KOSDAQ,1,(코스닥)금융
A023600,삼보판지,KOSDAQ,1,"(코스닥)종이, 목재"
A023760,한국캐피탈,KOSDAQ,1,(코스닥)금융
A023770,플레이위드,KOSDAQ,1,(코스닥)디지털컨텐츠
A023790,동일철강,KOSDAQ,1,(코스닥)금속
A023900,풍국주정,KOSDAQ,1,"(코스닥)음식료, 담배"
A023910,대한약품,KOSDAQ,1,(코스닥)제약
A024060,흥구석유,KOSDAQ,1,(코스닥)유통
A024120,KB오토시스,KOSDAQ,1,"(코스닥)운송장비, 부품"
A024740,한일단조,KOSDAQ,1,"(코스닥)운송장비, 부품"
A024800,유성티엔에스,KOSDAQ,1,(코스닥)운송
A024810,이화전기,KOSDAQ,1,(코스닥)IT부품
A024830,세원물산,KOSDAQ,1,"(코스닥)운송장비, 부품"
A024840,KBI메탈,KOSDAQ,1,(코스닥)금속
A024850,피에스엠씨,KOSDAQ,1,(코스닥)반도체
A024880,케이피에프,KOSDAQ,1,(코스닥)금속
A024910,경창산업,KOSDAQ,1,"(코스닥)운송장비, 부품"
A024940,PN풍년,KOSDAQ,1,(코스닥)금속
A024950,삼천리자전거,KOSDAQ,1,(코스닥)유통
A025320,시노펙스,KOSDAQ,1,(코스닥)IT부품
A025440,대성엘텍,KOSDAQ,1,(코스닥)일반전기전자
A025550,한국선재,KOSDAQ,1,(코스닥)금속
A025770,한국정보통신,KOSDAQ,1,(코스닥)통신서비스
A025870,신라에스지,KOSDAQ,1,(코스닥)유통
A025880,케이씨피드,KOSDAQ,1,"(코스닥)음식료, 담배"
A025900,동화기업,KOSDAQ,1,"(코스닥)종이, 목재"
A025950,동신건설,KOSDAQ,1,(코스닥)건설
A025980,아난티,KOSDAQ,1,(코스닥)KOSDAQ 100
A026040,제이에스티나,KOSDAQ,1,(코스닥)기타 제조
A026150,특수건설,KOSDAQ,1,(코스닥)건설
A026910,광진실업,KOSDAQ,1,(코스닥)금속
A027040,서울전자통신,KOSDAQ,1,(코스닥)유통
A027050,코리아나,KOSDAQ,1,(코스닥)화학
A027360,아주IB투자,KOSDAQ,1,(코스닥)금융
A027580,상보,KOSDAQ,1,(코스닥)화학
A027710,팜스토리,KOSDAQ,1,"(코스닥)음식료, 담배"
A027830,대성창투,KOSDAQ,1,(코스닥)금융
A028080,휴맥스홀딩스,KOSDAQ,1,(코스닥)금융
A028150,GS홈쇼핑,KOSDAQ,1,(코스닥)방송서비스
A028300,에이치엘비,KOSDAQ,1,"(코스닥)운송장비, 부품"
A029480,릭스솔루션,KOSDAQ,1,(코스닥)통신장비
A029960,코엔텍,KOSDAQ,1,(코스닥)기타
A030190,NICE평가정보,KOSDAQ,1,코스닥 150 기술주
A030350,드래곤플라이,KOSDAQ,1,(코스닥)디지털컨텐츠
A030520,한글과컴퓨터,KOSDAQ,1,(코스닥)소프트웨어
A030530,원익홀딩스,KOSDAQ,1,"(코스닥)기계, 장비"
A030960,양지사,KOSDAQ,1,"(코스닥)출판, 매체복제"
A031310,아이즈비전,KOSDAQ,1,(코스닥)통신장비
A031330,에스에이엠티,KOSDAQ,1,(코스닥)유통
A031390,녹십자셀,KOSDAQ,1,(코스닥)제약
A031510,오스템,KOSDAQ,1,"(코스닥)운송장비, 부품"
A031860,엔에스엔,KOSDAQ,1,(코스닥)유통
A031980,피에스케이홀딩스,KOSDAQ,1,(코스닥)반도체
A032080,아즈텍WB,KOSDAQ,1,"(코스닥)섬유, 의류"
A032190,다우데이타,KOSDAQ,1,(코스닥)유통
A032280,삼일,KOSDAQ,1,(코스닥)운송
A032300,한국파마,KOSDAQ,1,(코스닥)제약
A032500,케이엠더블유,KOSDAQ,1,(코스닥)통신장비
A032540,TJ미디어,KOSDAQ,1,(코스닥)일반전기전자
A032580,피델릭스,KOSDAQ,1,(코스닥)반도체
A032620,유비케어,KOSDAQ,1,(코스닥)소프트웨어
A032680,소프트센,KOSDAQ,1,(코스닥)유통
A032685,소프트센우,KOSDAQ,1,(코스닥)유통
A032750,삼진,KOSDAQ,1,(코스닥)일반전기전자
A032790,엠젠플러스,KOSDAQ,1,(코스닥)정보기기
A032800,판타지오,KOSDAQ,1,"(코스닥)오락, 문화"
A032820,우리기술,KOSDAQ,1,(코스닥)일반전기전자
A032850,비트컴퓨터,KOSDAQ,1,(코스닥)소프트웨어
A032860,휴먼엔,KOSDAQ,1,(코스닥)기타
A032940,원익,KOSDAQ,1,(코스닥)유통
A032960,동일기연,KOSDAQ,1,(코스닥)IT부품
A032980,바이온,KOSDAQ,1,(코스닥)유통
A033050,제이엠아이,KOSDAQ,1,"(코스닥)출판, 매체복제"
A033100,제룡전기,KOSDAQ,1,(코스닥)IT부품
A033110,코너스톤네트웍스,KOSDAQ,1,(코스닥)유통
A033130,디지틀조선,KOSDAQ,1,(코스닥)디지털컨텐츠
A033160,엠케이전자,KOSDAQ,1,(코스닥)반도체
A033170,시그네틱스,KOSDAQ,1,(코스닥)반도체
A033200,모아텍,KOSDAQ,1,(코스닥)IT부품
A033230,인성정보,KOSDAQ,1,(코스닥)컴퓨터서비스
A033290,코웰패션,KOSDAQ,1,(코스닥)유통
A033310,엠투엔,KOSDAQ,1,(코스닥)금속
A033320,제이씨현시스템,KOSDAQ,1,(코스닥)유통
A033340,좋은사람들,KOSDAQ,1,"(코스닥)섬유, 의류"
A033430,디에스티,KOSDAQ,1,"(코스닥)기계, 장비"
A033500,동성화인텍,KOSDAQ,1,(코스닥)화학
A033540,파라텍,KOSDAQ,1,"(코스닥)기계, 장비"
A033560,블루콤,KOSDAQ,1,(코스닥)IT부품
A033600,럭슬,KOSDAQ,1,"(코스닥)운송장비, 부품"
A033640,네패스,KOSDAQ,1,(코스닥)반도체
A033790,스카이문스테크놀로지,KOSDAQ,1,(코스닥)통신장비
A033830,티비씨,KOSDAQ,1,(코스닥)방송서비스
A034230,파라다이스,KOSDAQ,1,"(코스닥)오락, 문화"
A034810,해성산업,KOSDAQ,1,(코스닥)금융
A034940,조아제약,KOSDAQ,1,(코스닥)제약
A034950,한국기업평가,KOSDAQ,1,(코스닥)기타
A035080,인터파크,KOSDAQ,1,(코스닥)유통
A035200,프럼파스트,KOSDAQ,1,(코스닥)화학
A035290,골드앤에스,KOSDAQ,1,"(코스닥)출판, 매체복제"
A035460,기산텔레콤,KOSDAQ,1,(코스닥)통신장비
A035600,KG이니시스,KOSDAQ,1,(코스닥)소프트웨어
A035610,솔본,KOSDAQ,1,(코스닥)기타
A035620,바른손이앤에이,KOSDAQ,1,"(코스닥)오락, 문화"
A035760,CJ ENM,KOSDAQ,1,(코스닥)방송서비스
A035810,이지홀딩스,KOSDAQ,1,"(코스닥)음식료, 담배"
A035890,서희건설,KOSDAQ,1,(코스닥)건설
A035900,JYP Ent.,KOSDAQ,1,"(코스닥)오락, 문화"
A036000,예림당,KOSDAQ,1,"(코스닥)출판, 매체복제"
A036010,아비코전자,KOSDAQ,1,(코스닥)일반전기전자
A036030,KTH,KOSDAQ,1,(코스닥)유통
A036090,위지트,KOSDAQ,1,"(코스닥)기계, 장비"
A036120,SCI평가정보,KOSDAQ,1,(코스닥)기타
A036170,클라우드에어,KOSDAQ,1,(코스닥)반도체
A036180,지더블유바이텍,KOSDAQ,1,(코스닥)유통
A036190,금화피에스시,KOSDAQ,1,(코스닥)건설
A036200,유니셈,KOSDAQ,1,(코스닥)반도체
A036480,대성미생물,KOSDAQ,1,(코스닥)제약
A036490,SK머티리얼즈,KOSDAQ,1,(코스닥)반도체
A036540,SFA반도체,KOSDAQ,1,(코스닥)반도체
A036560,영풍정밀,KOSDAQ,1,"(코스닥)기계, 장비"
A036620,감성코퍼레이션,KOSDAQ,1,(코스닥)유통
A036630,세종텔레콤,KOSDAQ,1,(코스닥)통신서비스
A036640,HRS,KOSDAQ,1,(코스닥)화학
A036670,KCI,KOSDAQ,1,(코스닥)화학
A036690,코맥스,KOSDAQ,1,(코스닥)통신장비
A036710,심텍홀딩스,KOSDAQ,1,(코스닥)IT부품
A036800,나이스정보통신,KOSDAQ,1,(코스닥)통신서비스
A036810,에프에스티,KOSDAQ,1,(코스닥)반도체
A036830,솔브레인홀딩스,KOSDAQ,1,(코스닥)기타
A036890,진성티이씨,KOSDAQ,1,"(코스닥)기계, 장비"
A036930,주성엔지니어링,KOSDAQ,1,(코스닥)반도체
A037030,파워넷,KOSDAQ,1,(코스닥)일반전기전자
A037070,파세코,KOSDAQ,1,(코스닥)일반전기전자
A037230,한국팩키지,KOSDAQ,1,"(코스닥)종이, 목재"
A037330,인지디스플레,KOSDAQ,1,(코스닥)IT부품
A037350,성도이엔지,KOSDAQ,1,(코스닥)기타
A037370,EG,KOSDAQ,1,(코스닥)건설
A037400,우리조명,KOSDAQ,1,(코스닥)유통
A037440,희림,KOSDAQ,1,(코스닥)기타
A037460,삼지전자,KOSDAQ,1,(코스닥)통신장비
A037760,쎄니트,KOSDAQ,1,(코스닥)금속
A037950,엘컴텍,KOSDAQ,1,(코스닥)IT부품
A038010,제일테크노스,KOSDAQ,1,(코스닥)금속
A038060,루멘스,KOSDAQ,1,(코스닥)반도체
A038070,서린바이오,KOSDAQ,1,(코스닥)유통
A038110,에코플라스틱,KOSDAQ,1,"(코스닥)운송장비, 부품"
A038160,팍스넷,KOSDAQ,1,(코스닥)금융
A038290,마크로젠,KOSDAQ,1,(코스닥)기타
A038340,UCI,KOSDAQ,1,(코스닥)기타
A038390,레드캡투어,KOSDAQ,1,(코스닥)기타
A038460,바이오스마트,KOSDAQ,1,(코스닥)정보기기
A038500,삼표시멘트,KOSDAQ,1,(코스닥)비금속
A038530,골드퍼시픽,KOSDAQ,1,(코스닥)유통
A038540,상상인,KOSDAQ,1,(코스닥)컴퓨터서비스
A038620,위즈코프,KOSDAQ,1,(코스닥)유통
A038680,에스넷,KOSDAQ,1,(코스닥)컴퓨터서비스
A038870,에코바이오,KOSDAQ,1,(코스닥)기타
A038880,아이에이,KOSDAQ,1,(코스닥)반도체
A038950,파인디지털,KOSDAQ,1,(코스닥)통신장비
A039010,현대에이치티,KOSDAQ,1,(코스닥)통신장비
A039020,이건홀딩스,KOSDAQ,1,"(코스닥)종이, 목재"
A039030,이오테크닉스,KOSDAQ,1,(코스닥)반도체
A039200,오스코텍,KOSDAQ,1,(코스닥)제약
A039230,에이아이비트,KOSDAQ,1,(코스닥)반도체
A039240,경남스틸,KOSDAQ,1,(코스닥)금속
A039290,인포뱅크,KOSDAQ,1,(코스닥)통신서비스
A039310,세중,KOSDAQ,1,(코스닥)기타
A039340,한국경제TV,KOSDAQ,1,(코스닥)방송서비스
A039420,케이엘넷,KOSDAQ,1,(코스닥)통신서비스
A039440,에스티아이,KOSDAQ,1,(코스닥)반도체
A039560,다산네트웍스,KOSDAQ,1,(코스닥)통신장비
A039610,화성밸브,KOSDAQ,1,"(코스닥)기계, 장비"
A039670,스포츠서울,KOSDAQ,1,"(코스닥)출판, 매체복제"
A039740,한국정보공학,KOSDAQ,1,(코스닥)유통
A039830,오로라,KOSDAQ,1,(코스닥)기타
A039840,디오,KOSDAQ,1,"(코스닥)의료, 정밀기기"
A039860,나노엔텍,KOSDAQ,1,"(코스닥)의료, 정밀기기"
A039980,리노스,KOSDAQ,1,(코스닥)유통
A040160,누리플렉스,KOSDAQ,1,(코스닥)소프트웨어
A040300,YTN,KOSDAQ,1,(코스닥)방송서비스
A040350,큐로컴,KOSDAQ,1,(코스닥)컴퓨터서비스
A040420,정상제이엘에스,KOSDAQ,1,(코스닥)기타
A040610,SG&G,KOSDAQ,1,"(코스닥)운송장비, 부품"
A040910,아이씨디,KOSDAQ,1,(코스닥)반도체
A041020,폴라리스오피스,KOSDAQ,1,(코스닥)소프트웨어
A041140,넥슨지티,KOSDAQ,1,(코스닥)디지털컨텐츠
A041190,우리기술투자,KOSDAQ,1,(코스닥)금융
A041440,현대에버다임,KOSDAQ,1,"(코스닥)기계, 장비"
A041460,한국전자인증,KOSDAQ,1,(코스닥)소프트웨어
A041510,에스엠,KOSDAQ,1,"(코스닥)오락, 문화"
A041520,이라이콤,KOSDAQ,1,(코스닥)IT부품
A041590,젬백스지오,KOSDAQ,1,(코스닥)건설
A041830,인바디,KOSDAQ,1,"(코스닥)의료, 정밀기기"
A041910,에스텍파마,KOSDAQ,1,(코스닥)제약
A041920,메디아나,KOSDAQ,1,"(코스닥)의료, 정밀기기"
A041930,동아화성,KOSDAQ,1,(코스닥)화학
A041960,코미팜,KOSDAQ,1,(코스닥)제약
A042000,카페24,KOSDAQ,1,(코스닥)인터넷
A042040,케이피엠테크,KOSDAQ,1,(코스닥)화학
A042110,에스씨디,KOSDAQ,1,(코스닥)일반전기전자
A042370,비츠로테크,KOSDAQ,1,(코스닥)금융
A042420,네오위즈홀딩스,KOSDAQ,1,(코스닥)디지털컨텐츠
A042500,링네트,KOSDAQ,1,(코스닥)컴퓨터서비스
A042510,라온시큐어,KOSDAQ,1,(코스닥)소프트웨어
A042520,한스바이오메드,KOSDAQ,1,(코스닥)제약
A042600,새로닉스,KOSDAQ,1,(코스닥)IT부품
A042940,상지카일룸,KOSDAQ,1,(코스닥)건설
A043090,큐브앤컴퍼니,KOSDAQ,1,(코스닥)유통
A043100,솔고바이오,KOSDAQ,1,"(코스닥)의료, 정밀기기"
A043150,바텍,KOSDAQ,1,"(코스닥)의료, 정밀기기"
A043200,파루,KOSDAQ,1,(코스닥)IT부품
A043220,에이치엘비파워,KOSDAQ,1,"(코스닥)기계, 장비"
A043260,성호전자,KOSDAQ,1,(코스닥)IT부품
A043290,케이맥,KOSDAQ,1,"(코스닥)기계, 장비"
A043340,에쎈테크,KOSDAQ,1,"(코스닥)기계, 장비"
A043360,디지아이,KOSDAQ,1,(코스닥)정보기기
A043370,피에이치에이,KOSDAQ,1,"(코스닥)운송장비, 부품"
A043590,크로바하이텍,KOSDAQ,1,(코스닥)반도체
A043610,지니뮤직,KOSDAQ,1,(코스닥)디지털컨텐츠
A043650,국순당,KOSDAQ,1,"(코스닥)음식료, 담배"
A043710,서울리거,KOSDAQ,1,(코스닥)유통
A043910,자연과환경,KOSDAQ,1,(코스닥)기타
A044060,조광ILI,KOSDAQ,1,"(코스닥)기계, 장비"
A044180,KD,KOSDAQ,1,(코스닥)건설
A044340,위닉스,KOSDAQ,1,(코스닥)일반전기전자
A044480,블루베리 NFT,KOSDAQ,1,(코스닥)화학
A044490,태웅,KOSDAQ,1,(코스닥)금속
A044780,에이치케이,KOSDAQ,1,"(코스닥)기계, 장비"
A044960,이글벳,KOSDAQ,1,(코스닥)유통
A045060,오공,KOSDAQ,1,(코스닥)화학
A045100,한양이엔지,KOSDAQ,1,(코스닥)기타
A045300,성우테크론,KOSDAQ,1,(코스닥)반도체
A045340,토탈소프트,KOSDAQ,1,(코스닥)소프트웨어
A045390,대아티아이,KOSDAQ,1,(코스닥)일반전기전자
A045510,정원엔시스,KOSDAQ,1,(코스닥)컴퓨터서비스
A045520,크린앤사이언스,KOSDAQ,1,"(코스닥)기계, 장비"
A045660,에이텍,KOSDAQ,1,(코스닥)정보기기
A045890,GV,KOSDAQ,1,(코스닥)일반전기전자
A045970,코아시아,KOSDAQ,1,(코스닥)IT부품
A046070,코다코,KOSDAQ,1,"(코스닥)운송장비, 부품"
A046110,한일네트웍스,KOSDAQ,1,(코스닥)컴퓨터서비스
A046120,오르비텍,KOSDAQ,1,(코스닥)기타
A046140,SBS콘텐츠허브,KOSDAQ,1,"(코스닥)오락, 문화"
A046210,파나진,KOSDAQ,1,"(코스닥)의료, 정밀기기"
A046310,백금T&A,KOSDAQ,1,(코스닥)통신장비
A046390,삼화네트웍스,KOSDAQ,1,"(코스닥)오락, 문화"
A046440,KG모빌리언스,KOSDAQ,1,(코스닥)소프트웨어
A046890,서울반도체,KOSDAQ,1,(코스닥)반도체
A046940,우원개발,KOSDAQ,1,(코스닥)건설
A046970,우리로,KOSDAQ,1,(코스닥)유통
A047080,한빛소프트,KOSDAQ,1,(코스닥)디지털컨텐츠
A047310,파워로직스,KOSDAQ,1,(코스닥)IT부품
A047560,이스트소프트,KOSDAQ,1,(코스닥)디지털컨텐츠
A047770,코데즈컴바인,KOSDAQ,1,"(코스닥)섬유, 의류"
A047820,초록뱀미디어,KOSDAQ,1,"(코스닥)오락, 문화"
A047920,에이치엘비제약,KOSDAQ,1,(코스닥)기타
A048260,오스템임플란트,KOSDAQ,1,"(코스닥)의료, 정밀기기"
A048410,현대바이오,KOSDAQ,1,(코스닥)화학
A048430,유라테크,KOSDAQ,1,(코스닥)일반전기전자
A048470,대동스틸,KOSDAQ,1,(코스닥)금속
A048530,인트론바이오,KOSDAQ,1,(코스닥)제약
A048550,SM C&C,KOSDAQ,1,(코스닥)방송서비스
A048770,TPC,KOSDAQ,1,"(코스닥)기계, 장비"
A048830,엔피케이,KOSDAQ,1,(코스닥)화학
A048870,시너지이노베이션,KOSDAQ,1,"(코스닥)의료, 정밀기기"
A048910,대원미디어,KOSDAQ,1,(코스닥)유통
A049070,인탑스,KOSDAQ,1,(코스닥)IT부품
A049080,기가레인,KOSDAQ,1,(코스닥)반도체
A049120,파인디앤씨,KOSDAQ,1,(코스닥)IT부품
A049180,셀루메드,KOSDAQ,1,(코스닥)제약
A049430,코메론,KOSDAQ,1,"(코스닥)의료, 정밀기기"
A049470,SGA,KOSDAQ,1,(코스닥)소프트웨어
A049480,오픈베이스,KOSDAQ,1,(코스닥)컴퓨터서비스
A049520,유아이엘,KOSDAQ,1,(코스닥)IT부품
A049550,잉크테크,KOSDAQ,1,(코스닥)화학
A049630,재영솔루텍,KOSDAQ,1,(코스닥)IT부품
A049720,고려신용정보,KOSDAQ,1,(코스닥)기타
A049830,승일,KOSDAQ,1,(코스닥)금속
A049950,미래컴퍼니,KOSDAQ,1,"(코스닥)기계, 장비"
A049960,쎌바이오텍,KOSDAQ,1,(코스닥)제약
A050090,휘닉스소재,KOSDAQ,1,(코스닥)IT부품
A050110,캠시스,KOSDAQ,1,(코스닥)IT부품
A050120,ES큐브,KOSDAQ,1,(코스닥)유통
A050320,아래스,KOSDAQ,1,(코스닥)컴퓨터서비스
A050540,한국코퍼레이션,KOSDAQ,1,(코스닥)기타
A050760,에스폴리텍,KOSDAQ,1,(코스닥)화학
A050860,아세아텍,KOSDAQ,1,"(코스닥)기계, 장비"
A050890,쏠리드,KOSDAQ,1,(코스닥)통신장비
A050960,수산아이앤티,KOSDAQ,1,"(코스닥)출판, 매체복제"
A051160,지어소프트,KOSDAQ,1,(코스닥)소프트웨어
A051360,토비스,KOSDAQ,1,(코스닥)정보기기
A051370,인터플렉스,KOSDAQ,1,(코스닥)IT부품
A051380,피씨디렉트,KOSDAQ,1,(코스닥)유통
A051390,YW,KOSDAQ,1,(코스닥)유통
A051490,나라엠앤디,KOSDAQ,1,"(코스닥)기계, 장비"
A051500,CJ프레시웨이,KOSDAQ,1,(코스닥)유통
A051780,큐로홀딩스,KOSDAQ,1,(코스닥)유통
A051980,센트럴바이오,KOSDAQ,1,(코스닥)화학
A052020,에스티큐브,KOSDAQ,1,(코스닥)IT부품
A052190,이에스에이,KOSDAQ,1,"(코스닥)오락, 문화"
A052220,iMBC,KOSDAQ,1,(코스닥)디지털컨텐츠
A052260,현대바이오랜드,KOSDAQ,1,(코스닥)화학
A052300,초록뱀컴퍼니,KOSDAQ,1,(코스닥)운송
A052330,코텍,KOSDAQ,1,(코스닥)정보기기
A052400,코나아이,KOSDAQ,1,(코스닥)소프트웨어
A052420,오성첨단소재,KOSDAQ,1,(코스닥)IT부품
A052460,아이크래프트,KOSDAQ,1,(코스닥)컴퓨터서비스
A052600,한네트,KOSDAQ,1,(코스닥)통신서비스
A052670,제일바이오,KOSDAQ,1,(코스닥)제약
A052710,아모텍,KOSDAQ,1,(코스닥)IT부품
A052770,아이톡시,KOSDAQ,1,(코스닥)디지털컨텐츠
A052790,액토즈소프트,KOSDAQ,1,(코스닥)디지털컨텐츠
A052860,아이앤씨,KOSDAQ,1,(코스닥)반도체
A052900,KMH하이텍,KOSDAQ,1,(코스닥)반도체
A053030,바이넥스,KOSDAQ,1,(코스닥)제약
A053050,지에스이,KOSDAQ,1,(코스닥)KOSDAQ SMALL
A053060,세동,KOSDAQ,1,"(코스닥)운송장비, 부품"
A053080,원방테크,KOSDAQ,1,"(코스닥)기계, 장비"
A053110,소리바다,KOSDAQ,1,(코스닥)디지털컨텐츠
A053160,프리엠스,KOSDAQ,1,(코스닥)일반전기전자
A053260,금강철강,KOSDAQ,1,(코스닥)금속
A053270,구영테크,KOSDAQ,1,"(코스닥)운송장비, 부품"
A053280,예스24,KOSDAQ,1,(코스닥)인터넷
A053290,NE능률,KOSDAQ,1,"(코스닥)출판, 매체복제"
A053300,한국정보인증,KOSDAQ,1,(코스닥)소프트웨어
A053350,이니텍,KOSDAQ,1,(코스닥)소프트웨어
A053450,세코닉스,KOSDAQ,1,"(코스닥)의료, 정밀기기"
A053580,웹케시,KOSDAQ,1,(코스닥)금융
A053590,한국테크놀로지,KOSDAQ,1,"(코스닥)운송장비, 부품"
A053610,프로텍,KOSDAQ,1,(코스닥)반도체
A053620,태양,KOSDAQ,1,(코스닥)금속
A053660,현진소재,KOSDAQ,1,(코스닥)금속
A053700,삼보모터스,KOSDAQ,1,"(코스닥)운송장비, 부품"
A053800,안랩,KOSDAQ,1,(코스닥)소프트웨어
A053950,경남제약,KOSDAQ,1,(코스닥)제약
A053980,오상자이엘,KOSDAQ,1,(코스닥)컴퓨터서비스
A054040,한국컴퓨터,KOSDAQ,1,(코스닥)IT부품
A054050,농우바이오,KOSDAQ,1,(코스닥)KOSDAQ SMALL
A054090,삼진엘앤디,KOSDAQ,1,(코스닥)IT부품
A054180,메디콕스,KOSDAQ,1,"(코스닥)운송장비, 부품"
A054210,이랜텍,KOSDAQ,1,(코스닥)IT부품
A054220,비츠로시스,KOSDAQ,1,(코스닥)일반전기전자
A054300,팬스타엔터프라이즈,KOSDAQ,1,"(코스닥)기계, 장비"
A054410,케이피티유,KOSDAQ,1,(코스닥)금속
A054450,텔레칩스,KOSDAQ,1,(코스닥)반도체
A054540,삼영엠텍,KOSDAQ,1,(코스닥)금속
A054620,APS홀딩스,KOSDAQ,1,(코스닥)금융
A054630,에이디칩스,KOSDAQ,1,(코스닥)기타 제조
A054670,대한뉴팜,KOSDAQ,1,(코스닥)제약
A054780,키이스트,KOSDAQ,1,"(코스닥)오락, 문화"
A054800,아이디스홀딩스,KOSDAQ,1,코스닥 150 기술주
A054920,한컴위드,KOSDAQ,1,(코스닥)소프트웨어
A054930,유신,KOSDAQ,1,(코스닥)기타
A054940,엑사이엔씨,KOSDAQ,1,(코스닥)건설
A054950,제이브이엠,KOSDAQ,1,"(코스닥)기계, 장비"
A056000,COWON,KOSDAQ,1,(코스닥)디지털컨텐츠
A056080,유진로봇,KOSDAQ,1,"(코스닥)기계, 장비"
A056090,유앤아이,KOSDAQ,1,"(코스닥)의료, 정밀기기"
A056190,에스에프에이,KOSDAQ,1,"(코스닥)기계, 장비"
A056360,코위버,KOSDAQ,1,(코스닥)통신장비
A056700,신화인터텍,KOSDAQ,1,(코스닥)IT부품
A056730,씨앤티85,KOSDAQ,1,(코스닥)유통
A057030,YBM넷,KOSDAQ,1,(코스닥)기타
A057540,옴니시스템,KOSDAQ,1,"(코스닥)의료, 정밀기기"
A057680,티사이언티픽,KOSDAQ,1,(코스닥)디지털컨텐츠
A057880,피에이치씨,KOSDAQ,1,(코스닥)유통
A058110,멕아이씨에스,KOSDAQ,1,"(코스닥)의료, 정밀기기"
A058220,아리온,KOSDAQ,1,(코스닥)통신장비
A058400,KNN,KOSDAQ,1,(코스닥)방송서비스
A058420,제이웨이,KOSDAQ,1,"(코스닥)오락, 문화"
A058450,일야,KOSDAQ,1,(코스닥)IT부품
A058470,리노공업,KOSDAQ,1,(코스닥)반도체
A058530,슈펙스비앤피,KOSDAQ,1,(코스닥)유통
A058610,에스피지,KOSDAQ,1,(코스닥)IT부품
A058630,엠게임,KOSDAQ,1,(코스닥)디지털컨텐츠
A058820,CMG제약,KOSDAQ,1,(코스닥)제약
A059090,미코,KOSDAQ,1,(코스닥)반도체
A059100,아이컴포넌트,KOSDAQ,1,(코스닥)IT부품
A059120,아진엑스텍,KOSDAQ,1,(코스닥)반도체
A059210,메타바이오메드,KOSDAQ,1,(코스닥)제약
A059270,해성티피씨,KOSDAQ,1,(코스닥)금속
A060150,인선이엔티,KOSDAQ,1,(코스닥)기타
A060230,이그잭스,KOSDAQ,1,(코스닥)IT부품
A060240,룽투코리아,KOSDAQ,1,(코스닥)디지털컨텐츠
A060250,NHN한국사이버결제,KOSDAQ,1,(코스닥)소프트웨어
A060260,뉴보텍,KOSDAQ,1,(코스닥)화학
A060280,큐렉소,KOSDAQ,1,(코스닥)유통
A060300,레드로버,KOSDAQ,1,"(코스닥)오락, 문화"
A060310,3S,KOSDAQ,1,"(코스닥)기계, 장비"
A060370,KT서브마린,KOSDAQ,1,(코스닥)건설
A060380,동양에스텍,KOSDAQ,1,(코스닥)금속
A060480,국일신동,KOSDAQ,1,(코스닥)금속
A060540,에스에이티,KOSDAQ,1,(코스닥)통신장비
A060560,홈센타홀딩스,KOSDAQ,1,(코스닥)유통
A060570,드림어스컴퍼니,KOSDAQ,1,(코스닥)디지털컨텐츠
A060590,씨티씨바이오,KOSDAQ,1,(코스닥)제약
A060720,KH바텍,KOSDAQ,1,(코스닥)IT부품
A060850,영림원소프트랩,KOSDAQ,1,(코스닥)소프트웨어
A060900,대한그린파워,KOSDAQ,1,(코스닥)화학
A061040,알에프텍,KOSDAQ,1,(코스닥)통신장비
A061250,화일약품,KOSDAQ,1,(코스닥)제약
A061970,엘비세미콘,KOSDAQ,1,(코스닥)반도체
A062860,티엘아이,KOSDAQ,1,(코스닥)반도체
A062970,피피아이,KOSDAQ,1,(코스닥)일반전기전자
A063080,게임빌,KOSDAQ,1,(코스닥)디지털컨텐츠
A063170,서울옥션,KOSDAQ,1,(코스닥)유통
A063440,SM Life Design,KOSDAQ,1,"(코스닥)출판, 매체복제"
A063570,한국전자금융,KOSDAQ,1,(코스닥)기타
A063760,이엘피,KOSDAQ,1,(코스닥)반도체
A064090,에프앤리퍼블릭,KOSDAQ,1,(코스닥)유통
A064240,홈캐스트,KOSDAQ,1,(코스닥)통신장비
A064260,다날,KOSDAQ,1,(코스닥)디지털컨텐츠
A064290,인텍플러스,KOSDAQ,1,(코스닥)반도체
A064480,브리지텍,KOSDAQ,1,(코스닥)컴퓨터서비스
A064510,에코마이스터,KOSDAQ,1,"(코스닥)기계, 장비"
A064520,바른전자,KOSDAQ,1,(코스닥)반도체
A064550,바이오니아,KOSDAQ,1,(코스닥)제약
A064760,티씨케이,KOSDAQ,1,(코스닥)반도체
A064800,젬백스링크,KOSDAQ,1,(코스닥)유통
A064820,케이프,KOSDAQ,1,"(코스닥)운송장비, 부품"
A064850,에프앤가이드,KOSDAQ,1,코스닥 150 기술주
A065060,지엔코,KOSDAQ,1,"(코스닥)섬유, 의류"
A065130,탑엔지니어링,KOSDAQ,1,"(코스닥)기계, 장비"
A065150,MP그룹,KOSDAQ,1,(코스닥)유통
A065170,넥스트BT,KOSDAQ,1,(코스닥)유통
A065350,신성델타테크,KOSDAQ,1,(코스닥)일반전기전자
A065370,위세아이텍,KOSDAQ,1,"(코스닥)출판, 매체복제"
A065420,에스아이리소스,KOSDAQ,1,(코스닥)KOSDAQ SMALL
A065440,이루온,KOSDAQ,1,(코스닥)소프트웨어
A065450,빅텍,KOSDAQ,1,"(코스닥)의료, 정밀기기"
A065500,오리엔트정공,KOSDAQ,1,"(코스닥)운송장비, 부품"
A065510,휴비츠,KOSDAQ,1,"(코스닥)의료, 정밀기기"
A065530,와이어블,KOSDAQ,1,(코스닥)통신서비스
A065560,녹원씨엔아이,KOSDAQ,1,"(코스닥)출판, 매체복제"
A065570,삼영이엔씨,KOSDAQ,1,(코스닥)통신장비
A065620,제낙스,KOSDAQ,1,(코스닥)금속
A065650,메디프론,KOSDAQ,1,(코스닥)유통
A065660,안트로젠,KOSDAQ,1,(코스닥)유통
A065680,우주일렉트로,KOSDAQ,1,(코스닥)IT부품
A065690,파커스,KOSDAQ,1,(코스닥)IT부품
A065710,서호전기,KOSDAQ,1,(코스닥)일반전기전자
A065770,CS,KOSDAQ,1,(코스닥)통신장비
A065950,웰크론,KOSDAQ,1,"(코스닥)섬유, 의류"
A066110,한프,KOSDAQ,1,(코스닥)정보기기
A066130,하츠,KOSDAQ,1,(코스닥)일반전기전자
A066310,큐에스아이,KOSDAQ,1,(코스닥)반도체
A066360,체리부로,KOSDAQ,1,"(코스닥)음식료, 담배"
A066410,버킷스튜디오,KOSDAQ,1,(코스닥)디지털컨텐츠
A066430,와이오엠,KOSDAQ,1,(코스닥)유통
A066590,우수AMS,KOSDAQ,1,"(코스닥)운송장비, 부품"
A066620,국보디자인,KOSDAQ,1,(코스닥)건설
A066670,디스플레이텍,KOSDAQ,1,(코스닥)IT부품
A066700,테라젠이텍스,KOSDAQ,1,(코스닥)제약
A066790,씨씨에스,KOSDAQ,1,(코스닥)방송서비스
A066900,디에이피,KOSDAQ,1,(코스닥)IT부품
A066910,손오공,KOSDAQ,1,(코스닥)유통
A066970,엘앤에프,KOSDAQ,1,(코스닥)IT부품
A066980,이엔코퍼레이션,KOSDAQ,1,(코스닥)디지털컨텐츠
A067000,조이시티,KOSDAQ,1,(코스닥)디지털컨텐츠
A067010,이씨에스,KOSDAQ,1,(코스닥)정보기기
A067080,대화제약,KOSDAQ,1,(코스닥)제약
A067160,아프리카TV,KOSDAQ,1,(코스닥)소프트웨어
A067170,오텍,KOSDAQ,1,"(코스닥)운송장비, 부품"
A067280,멀티캠퍼스,KOSDAQ,1,(코스닥)디지털컨텐츠
A067290,JW신약,KOSDAQ,1,(코스닥)제약
A067310,하나마이크론,KOSDAQ,1,(코스닥)반도체
A067390,아스트,KOSDAQ,1,"(코스닥)운송장비, 부품"
A067570,엔브이에이치코리아,KOSDAQ,1,"(코스닥)운송장비, 부품"
A067630,에이치엘비생명과학,KOSDAQ,1,(코스닥)기타
A067730,로지시스,KOSDAQ,1,(코스닥)컴퓨터서비스
A067770,세진티에스,KOSDAQ,1,(코스닥)IT부품
A067900,와이엔텍,KOSDAQ,1,(코스닥)기타
A067920,이글루시큐리티,KOSDAQ,1,(코스닥)소프트웨어
A067990,도이치모터스,KOSDAQ,1,(코스닥)유통
A068050,팬엔터테인먼트,KOSDAQ,1,"(코스닥)오락, 문화"
A068240,다원시스,KOSDAQ,1,(코스닥)IT부품
A068330,일신바이오,KOSDAQ,1,"(코스닥)기계, 장비"
A068760,셀트리온제약,KOSDAQ,1,(코스닥)제약
A068790,DMS,KOSDAQ,1,"(코스닥)기계, 장비"
A068930,디지털대성,KOSDAQ,1,(코스닥)기타
A068940,아이씨케이,KOSDAQ,1,(코스닥)정보기기
A069080,웹젠,KOSDAQ,1,(코스닥)디지털컨텐츠
A069110,코스온,KOSDAQ,1,(코스닥)화학
A069140,누리플랜,KOSDAQ,1,(코스닥)금속
A069330,유아이디,KOSDAQ,1,(코스닥)IT부품
A069410,엔텔스,KOSDAQ,1,(코스닥)소프트웨어
A069510,에스텍,KOSDAQ,1,(코스닥)일반전기전자
A069540,라이트론,KOSDAQ,1,(코스닥)통신장비
A069920,아이에스이커머스,KOSDAQ,1,(코스닥)유통
A070300,엑스큐어,KOSDAQ,1,(코스닥)소프트웨어
A070590,한솔인티큐브,KOSDAQ,1,(코스닥)컴퓨터서비스
A071200,인피니트헬스케어,KOSDAQ,1,(코스닥)소프트웨어
A071280,로체시스템즈,KOSDAQ,1,(코스닥)반도체
A071460,위니아딤채,KOSDAQ,1,(코스닥)일반전기전자
A071670,에이테크솔루션,KOSDAQ,1,"(코스닥)기계, 장비"
A071850,캐스텍코리아,KOSDAQ,1,"(코스닥)운송장비, 부품"
A072020,중앙백신,KOSDAQ,1,(코스닥)제약
A072470,우리산업홀딩스,KOSDAQ,1,"(코스닥)운송장비, 부품"
A072520,제넨바이오,KOSDAQ,1,(코스닥)유통
A072770,율호,KOSDAQ,1,(코스닥)소프트웨어
A072870,메가스터디,KOSDAQ,1,"(코스닥)출판, 매체복제"
A072950,빛샘전자,KOSDAQ,1,(코스닥)반도체
A072990,에이치시티,KOSDAQ,1,(코스닥)기타
A073010,케이에스피,KOSDAQ,1,"(코스닥)기계, 장비"
A073070,에이팸,KOSDAQ,1,"(코스닥)운송장비, 부품"
A073110,엘엠에스,KOSDAQ,1,(코스닥)IT부품
A073190,듀오백,KOSDAQ,1,(코스닥)기타 제조
A073490,이노와이어리스,KOSDAQ,1,(코스닥)통신장비
A073540,에프알텍,KOSDAQ,1,(코스닥)통신장비
A073560,우리손에프앤지,KOSDAQ,1,"(코스닥)음식료, 담배"
A073570,WI,KOSDAQ,1,(코스닥)기타 제조
A073640,테라사이언스,KOSDAQ,1,(코스닥)금속
A074430,아미노로직스,KOSDAQ,1,(코스닥)유통
A074600,원익QnC,KOSDAQ,1,(코스닥)비금속
A075130,플랜티넷,KOSDAQ,1,(코스닥)컴퓨터서비스
A075970,동국알앤에스,KOSDAQ,1,(코스닥)비금속
A076080,웰크론한텍,KOSDAQ,1,(코스닥)건설
A076610,해성옵틱스,KOSDAQ,1,(코스닥)IT부품
A077360,덕산하이메탈,KOSDAQ,1,(코스닥)일반전기전자
A078020,이베스트투자증권,KOSDAQ,1,(코스닥)금융
A078070,유비쿼스홀딩스,KOSDAQ,1,(코스닥)일반전기전자
A078130,국일제지,KOSDAQ,1,"(코스닥)종이, 목재"
A078140,대봉엘에스,KOSDAQ,1,(코스닥)제약
A078150,HB테크놀러지,KOSDAQ,1,"(코스닥)기계, 장비"
A078160,메디포스트,KOSDAQ,1,(코스닥)제약
A078340,컴투스,KOSDAQ,1,(코스닥)디지털컨텐츠
A078350,한양디지텍,KOSDAQ,1,(코스닥)반도체
A078590,OQP,KOSDAQ,1,"(코스닥)운송장비, 부품"
A078600,대주전자재료,KOSDAQ,1,(코스닥)IT부품
A078650,코렌,KOSDAQ,1,"(코스닥)의료, 정밀기기"
A078860,아이오케이,KOSDAQ,1,"(코스닥)오락, 문화"
A078890,가온미디어,KOSDAQ,1,(코스닥)통신장비
A078940,코드네이처,KOSDAQ,1,(코스닥)건설
A079000,와토스코리아,KOSDAQ,1,(코스닥)화학
A079170,한창산업,KOSDAQ,1,(코스닥)금속
A079190,EMW,KOSDAQ,1,(코스닥)통신장비
A079370,제우스,KOSDAQ,1,"(코스닥)기계, 장비"
A079650,서산,KOSDAQ,1,(코스닥)비금속
A079810,디이엔티,KOSDAQ,1,"(코스닥)기계, 장비"
A079940,가비아,KOSDAQ,1,(코스닥)인터넷
A079950,인베니아,KOSDAQ,1,"(코스닥)기계, 장비"
A079960,동양이엔피,KOSDAQ,1,(코스닥)IT부품
A079970,투비소프트,KOSDAQ,1,(코스닥)소프트웨어
A080000,에스엔유,KOSDAQ,1,"(코스닥)기계, 장비"
A080010,이상네트웍스,KOSDAQ,1,(코스닥)인터넷
A080160,모두투어,KOSDAQ,1,(코스닥)기타
A080220,제주반도체,KOSDAQ,1,(코스닥)반도체
A080420,모다이노칩,KOSDAQ,1,(코스닥)IT부품
A080440,에스제이케이,KOSDAQ,1,(코스닥)유통
A080470,성창오토텍,KOSDAQ,1,"(코스닥)운송장비, 부품"
A080520,오디텍,KOSDAQ,1,(코스닥)반도체
A080530,코디,KOSDAQ,1,(코스닥)화학
A080580,오킨스전자,KOSDAQ,1,(코스닥)반도체
A080720,한국유니온제약,KOSDAQ,1,(코스닥)제약
A081150,티플랙스,KOSDAQ,1,(코스닥)금속
A081580,성우전자,KOSDAQ,1,(코스닥)IT부품
A082210,옵트론텍,KOSDAQ,1,(코스닥)IT부품
A082270,젬백스,KOSDAQ,1,"(코스닥)기계, 장비"
A082660,코스나인,KOSDAQ,1,(코스닥)화학
A082800,비보존 헬스케어,KOSDAQ,1,(코스닥)반도체
A082850,우리바이오,KOSDAQ,1,(코스닥)일반전기전자
A082920,비츠로셀,KOSDAQ,1,(코스닥)IT부품
A083310,엘오티베큠,KOSDAQ,1,(코스닥)반도체
A083450,GST,KOSDAQ,1,(코스닥)반도체
A083470,이엠앤아이,KOSDAQ,1,(코스닥)IT부품
A083500,에프엔에스테크,KOSDAQ,1,"(코스닥)기계, 장비"
A083550,케이엠,KOSDAQ,1,"(코스닥)섬유, 의류"
A083640,인콘,KOSDAQ,1,(코스닥)통신장비
A083650,비에이치아이,KOSDAQ,1,"(코스닥)기계, 장비"
A083660,CSA 코스믹,KOSDAQ,1,(코스닥)화학
A083790,크리스탈지노믹스,KOSDAQ,1,(코스닥)기타
A083930,아바코,KOSDAQ,1,"(코스닥)기계, 장비"
A084110,휴온스글로벌,KOSDAQ,1,(코스닥)제약
A084180,수성이노베이션,KOSDAQ,1,"(코스닥)기계, 장비"
A084370,유진테크,KOSDAQ,1,(코스닥)반도체
A084650,랩지노믹스,KOSDAQ,1,(코스닥)기타
A084730,팅크웨어,KOSDAQ,1,(코스닥)통신장비
A084850,아이티엠반도체,KOSDAQ,1,(코스닥)반도체
A084990,헬릭스미스,KOSDAQ,1,(코스닥)기타
A085370,루트로닉,KOSDAQ,1,"(코스닥)의료, 정밀기기"
A08537M,루트로닉3우C,KOSDAQ,1,"(코스닥)의료, 정밀기기"
A085660,차바이오텍,KOSDAQ,1,(코스닥)제약
A085670,뉴프렉스,KOSDAQ,1,(코스닥)IT부품
A085810,알티캐스트,KOSDAQ,1,(코스닥)소프트웨어
A085910,네오티스,KOSDAQ,1,"(코스닥)운송장비, 부품"
A086040,바이오톡스텍,KOSDAQ,1,(코스닥)기타
A086060,진바이오텍,KOSDAQ,1,"(코스닥)음식료, 담배"
A086250,이노와이즈,KOSDAQ,1,"(코스닥)기계, 장비"
A086390,유니테스트,KOSDAQ,1,(코스닥)반도체
A086450,동국제약,KOSDAQ,1,(코스닥)제약
A086520,에코프로,KOSDAQ,1,(코스닥)IT부품
A086670,비엠티,KOSDAQ,1,"(코스닥)기계, 장비"
A086710,선진뷰티사이언스,KOSDAQ,1,(코스닥)화학
A086820,바이오솔루션,KOSDAQ,1,(코스닥)제약
A086890,이수앱지스,KOSDAQ,1,(코스닥)제약
A086900,메디톡스,KOSDAQ,1,(코스닥)제약
A086960,한컴MDS,KOSDAQ,1,(코스닥)소프트웨어
A086980,쇼박스,KOSDAQ,1,"(코스닥)오락, 문화"
A087010,펩트론,KOSDAQ,1,(코스닥)제약
A087260,모바일어플라이언스,KOSDAQ,1,(코스닥)소프트웨어
A087600,픽셀플러스,KOSDAQ,1,(코스닥)반도체
A087730,이엠네트웍스,KOSDAQ,1,(코스닥)반도체
A088130,동아엘텍,KOSDAQ,1,"(코스닥)기계, 장비"
A088290,이원컴포텍,KOSDAQ,1,"(코스닥)운송장비, 부품"
A088390,이녹스,KOSDAQ,1,"(코스닥)운송장비, 부품"
A088800,에이스테크,KOSDAQ,1,(코스닥)통신장비
A088910,동우팜투테이블,KOSDAQ,1,"(코스닥)음식료, 담배"
A089010,켐트로닉스,KOSDAQ,1,(코스닥)화학
A089030,테크윙,KOSDAQ,1,(코스닥)반도체
A089140,넥스턴바이오,KOSDAQ,1,(코스닥)비금속
A089150,케이씨티,KOSDAQ,1,(코스닥)컴퓨터서비스
A089230,THE E&M,KOSDAQ,1,(코스닥)인터넷
A089530,에이티세미콘,KOSDAQ,1,(코스닥)반도체
A089600,나스미디어,KOSDAQ,1,(코스닥)기타
A089790,제이티,KOSDAQ,1,(코스닥)반도체
A089850,유비벨록스,KOSDAQ,1,(코스닥)소프트웨어
A089890,코세스,KOSDAQ,1,(코스닥)반도체
A089970,에이피티씨,KOSDAQ,1,"(코스닥)기계, 장비"
A089980,상아프론테크,KOSDAQ,1,(코스닥)화학
A090150,광진윈텍,KOSDAQ,1,"(코스닥)운송장비, 부품"
A090360,로보스타,KOSDAQ,1,"(코스닥)기계, 장비"
A090410,덕신하우징,KOSDAQ,1,(코스닥)금속
A090460,비에이치,KOSDAQ,1,(코스닥)IT부품
A090470,제이스텍,KOSDAQ,1,(코스닥)반도체
A090710,휴림로봇,KOSDAQ,1,"(코스닥)기계, 장비"
A090740,연이비앤티,KOSDAQ,1,(코스닥)IT부품
A090850,현대이지웰,KOSDAQ,1,(코스닥)기타
A091120,이엠텍,KOSDAQ,1,(코스닥)IT부품
A091340,S&K폴리텍,KOSDAQ,1,(코스닥)IT부품
A091440,텔레필드,KOSDAQ,1,(코스닥)통신장비
A091580,상신이디피,KOSDAQ,1,(코스닥)IT부품
A091590,남화토건,KOSDAQ,1,(코스닥)건설
A091700,파트론,KOSDAQ,1,(코스닥)IT부품
A091970,나노캠텍,KOSDAQ,1,(코스닥)화학
A091990,셀트리온헬스케어,KOSDAQ,1,(코스닥)유통
A092040,아미코젠,KOSDAQ,1,"(코스닥)음식료, 담배"
A092070,디엔에프,KOSDAQ,1,(코스닥)화학
A092130,이크레더블,KOSDAQ,1,코스닥 150 기술주
A092190,서울바이오시스,KOSDAQ,1,(코스닥)IT부품
A092300,현우산업,KOSDAQ,1,(코스닥)IT부품
A092460,한라IMS,KOSDAQ,1,"(코스닥)운송장비, 부품"
A092600,앤씨앤,KOSDAQ,1,(코스닥)반도체
A092730,네오팜,KOSDAQ,1,(코스닥)화학
A092870,엑시콘,KOSDAQ,1,(코스닥)반도체
A093190,빅솔론,KOSDAQ,1,(코스닥)정보기기
A093320,케이아이엔엑스,KOSDAQ,1,(코스닥)인터넷
A093380,풍강,KOSDAQ,1,(코스닥)금속
A093520,매커스,KOSDAQ,1,(코스닥)유통
A093640,다믈멀티미디어,KOSDAQ,1,(코스닥)반도체
A093920,서원인텍,KOSDAQ,1,(코스닥)IT부품
A094170,동운아나텍,KOSDAQ,1,(코스닥)반도체
A094360,칩스앤미디어,KOSDAQ,1,(코스닥)반도체
A094480,갤럭시아머니트리,KOSDAQ,1,(코스닥)소프트웨어
A094820,일진파워,KOSDAQ,1,(코스닥)건설
A094840,슈프리마에이치큐,KOSDAQ,1,(코스닥)컴퓨터서비스
A094850,참좋은여행,KOSDAQ,1,(코스닥)기타
A094860,네오리진,KOSDAQ,1,(코스닥)소프트웨어
A094940,푸른기술,KOSDAQ,1,(코스닥)정보기기
A094970,제이엠티,KOSDAQ,1,(코스닥)IT부품
A095190,이엠코리아,KOSDAQ,1,"(코스닥)기계, 장비"
A095270,웨이브일렉트로,KOSDAQ,1,(코스닥)IT부품
A095340,ISC,KOSDAQ,1,(코스닥)반도체
A095500,미래나노텍,KOSDAQ,1,(코스닥)IT부품
A095610,테스,KOSDAQ,1,(코스닥)반도체
A095660,네오위즈,KOSDAQ,1,(코스닥)디지털컨텐츠
A095700,제넥신,KOSDAQ,1,(코스닥)기타
A095910,에스에너지,KOSDAQ,1,(코스닥)IT부품
A096040,이트론,KOSDAQ,1,(코스닥)정보기기
A096240,청담러닝,KOSDAQ,1,(코스닥)기타
A096350,대창솔루션,KOSDAQ,1,(코스닥)금속
A096530,씨젠,KOSDAQ,1,(코스닥)제약
A096610,알에프세미,KOSDAQ,1,(코스닥)반도체
A096630,에스코넥,KOSDAQ,1,(코스닥)IT부품
A096640,멜파스,KOSDAQ,1,(코스닥)IT부품
A096690,에이루트,KOSDAQ,1,(코스닥)정보기기
A096870,엘디티,KOSDAQ,1,(코스닥)반도체
A097520,엠씨넥스,KOSDAQ,1,(코스닥)IT부품
A097780,에스맥,KOSDAQ,1,(코스닥)IT부품
A097800,윈팩,KOSDAQ,1,(코스닥)반도체
A097870,효성오앤비,KOSDAQ,1,(코스닥)화학
A098120,마이크로컨텍솔,KOSDAQ,1,(코스닥)반도체
A098460,고영,KOSDAQ,1,"(코스닥)기계, 장비"
A098660,에스티오,KOSDAQ,1,"(코스닥)섬유, 의류"
A099190,아이센스,KOSDAQ,1,"(코스닥)의료, 정밀기기"
A099220,SDN,KOSDAQ,1,(코스닥)유통
A099320,쎄트렉아이,KOSDAQ,1,(코스닥)통신장비
A099410,동방선기,KOSDAQ,1,"(코스닥)운송장비, 부품"
A099440,스맥,KOSDAQ,1,"(코스닥)기계, 장비"
A099520,ITX-AI,KOSDAQ,1,(코스닥)통신장비
A099750,이지케어텍,KOSDAQ,1,(코스닥)소프트웨어
A100030,모바일리더,KOSDAQ,1,(코스닥)소프트웨어
A100090,삼강엠앤티,KOSDAQ,1,(코스닥)금속
A100120,뷰웍스,KOSDAQ,1,"(코스닥)의료, 정밀기기"
A100130,동국S&C,KOSDAQ,1,(코스닥)금속
A100590,머큐리,KOSDAQ,1,(코스닥)일반전기전자
A100660,서암기계공업,KOSDAQ,1,"(코스닥)기계, 장비"
A100700,세운메디칼,KOSDAQ,1,(코스닥)제약
A100790,미래에셋벤처투자,KOSDAQ,1,(코스닥)금융
A101000,상상인인더스트리,KOSDAQ,1,"(코스닥)기계, 장비"
A101160,월덱스,KOSDAQ,1,(코스닥)반도체
A101170,우림기계,KOSDAQ,1,"(코스닥)기계, 장비"
A101240,씨큐브,KOSDAQ,1,(코스닥)화학
A101330,모베이스,KOSDAQ,1,(코스닥)IT부품
A101360,이엔드디,KOSDAQ,1,(코스닥)화학
A101390,아이엠,KOSDAQ,1,(코스닥)IT부품
A101400,엔시트론,KOSDAQ,1,(코스닥)반도체
A101490,에스앤에스텍,KOSDAQ,1,(코스닥)반도체
A101670,코리아에스이,KOSDAQ,1,(코스닥)금속
A101680,한국정밀기계,KOSDAQ,1,"(코스닥)기계, 장비"
A101730,위메이드맥스,KOSDAQ,1,(코스닥)디지털컨텐츠
A101930,인화정공,KOSDAQ,1,"(코스닥)운송장비, 부품"
A102120,어보브반도체,KOSDAQ,1,(코스닥)반도체
A102710,이엔에프테크놀로지,KOSDAQ,1,(코스닥)화학
A102940,코오롱생명과학,KOSDAQ,1,(코스닥)제약
A103230,에스앤더블류,KOSDAQ,1,"(코스닥)기계, 장비"
A103840,우양,KOSDAQ,1,"(코스닥)음식료, 담배"
A104040,대성파인텍,KOSDAQ,1,"(코스닥)운송장비, 부품"
A104200,NHN벅스,KOSDAQ,1,(코스닥)디지털컨텐츠
A104460,디와이피엔에프,KOSDAQ,1,"(코스닥)기계, 장비"
A104480,티케이케미칼,KOSDAQ,1,(코스닥)화학
A104540,코렌텍,KOSDAQ,1,"(코스닥)의료, 정밀기기"
A104620,노랑풍선,KOSDAQ,1,(코스닥)기타
A104830,원익머트리얼즈,KOSDAQ,1,(코스닥)반도체
A105330,케이엔더블유,KOSDAQ,1,(코스닥)일반전기전자
A105550,트루윈,KOSDAQ,1,(코스닥)일반전기전자
A105740,디케이락,KOSDAQ,1,"(코스닥)기계, 장비"
A106080,하이소닉,KOSDAQ,1,(코스닥)IT부품
A106190,하이텍팜,KOSDAQ,1,(코스닥)유통
A106240,파인테크닉스,KOSDAQ,1,(코스닥)IT부품
A106520,디지탈옵틱,KOSDAQ,1,"(코스닥)의료, 정밀기기"
A108230,톱텍,KOSDAQ,1,"(코스닥)기계, 장비"
A108320,실리콘웍스,KOSDAQ,1,(코스닥)반도체
A108380,대양전기공업,KOSDAQ,1,"(코스닥)운송장비, 부품"
A108490,로보티즈,KOSDAQ,1,(코스닥)소프트웨어
A108860,셀바스AI,KOSDAQ,1,(코스닥)소프트웨어
A109080,옵티시스,KOSDAQ,1,(코스닥)통신장비
A109610,에스와이,KOSDAQ,1,(코스닥)금속
A109740,디에스케이,KOSDAQ,1,"(코스닥)기계, 장비"
A109820,진매트릭스,KOSDAQ,1,(코스닥)기타
A109860,동일금속,KOSDAQ,1,(코스닥)금속
A109960,에이프로젠 H&G,KOSDAQ,1,(코스닥)유통
A110020,전진바이오팜,KOSDAQ,1,(코스닥)화학
A110790,크리스에프앤씨,KOSDAQ,1,"(코스닥)섬유, 의류"
A110990,디아이티,KOSDAQ,1,(코스닥)IT부품
A111710,남화산업,KOSDAQ,1,"(코스닥)오락, 문화"
A111820,지유온,KOSDAQ,1,(코스닥)인터넷
A111870,KH 일렉트론,KOSDAQ,1,(코스닥)일반전기전자
A112040,위메이드,KOSDAQ,1,(코스닥)디지털컨텐츠
A113810,디젠스,KOSDAQ,1,"(코스닥)운송장비, 부품"
A114120,크루셜텍,KOSDAQ,1,(코스닥)IT부품
A114190,강원,KOSDAQ,1,(코스닥)금속
A114450,KPX생명과학,KOSDAQ,1,(코스닥)제약
A114570,지스마트글로벌,KOSDAQ,1,(코스닥)유통
A114630,우노앤컴퍼니,KOSDAQ,1,(코스닥)화학
A114810,아이원스,KOSDAQ,1,(코스닥)IT부품
A115160,휴맥스,KOSDAQ,1,(코스닥)통신장비
A115180,큐리언트,KOSDAQ,1,(코스닥)기타
A115310,인포바인,KOSDAQ,1,(코스닥)통신서비스
A115440,우리넷,KOSDAQ,1,(코스닥)통신장비
A115450,지트리비앤티,KOSDAQ,1,(코스닥)유통
A115480,씨유메디칼,KOSDAQ,1,"(코스닥)의료, 정밀기기"
A115500,케이씨에스,KOSDAQ,1,(코스닥)컴퓨터서비스
A115530,씨엔플러스,KOSDAQ,1,(코스닥)IT부품
A115570,스타플렉스,KOSDAQ,1,(코스닥)화학
A115610,이미지스,KOSDAQ,1,(코스닥)반도체
A115960,연우,KOSDAQ,1,(코스닥)화학
A117670,알파홀딩스,KOSDAQ,1,(코스닥)반도체
A117730,티로보틱스,KOSDAQ,1,"(코스닥)기계, 장비"
A118990,모트렉스,KOSDAQ,1,"(코스닥)운송장비, 부품"
A119500,포메탈,KOSDAQ,1,(코스닥)금속
A119610,인터로조,KOSDAQ,1,"(코스닥)의료, 정밀기기"
A119830,아이텍,KOSDAQ,1,(코스닥)반도체
A119850,지엔씨에너지,KOSDAQ,1,(코스닥)일반전기전자
A119860,다나와,KOSDAQ,1,(코스닥)인터넷
A120240,대정화금,KOSDAQ,1,(코스닥)화학
A121440,골프존뉴딘홀딩스,KOSDAQ,1,(코스닥)유통
A121600,나노신소재,KOSDAQ,1,(코스닥)화학
A121800,비덴트,KOSDAQ,1,(코스닥)통신장비
A121850,코이즈,KOSDAQ,1,(코스닥)IT부품
A121890,에스디시스템,KOSDAQ,1,(코스닥)정보기기
A122310,제노레이,KOSDAQ,1,"(코스닥)의료, 정밀기기"
A122350,삼기,KOSDAQ,1,"(코스닥)운송장비, 부품"
A122450,KMH,KOSDAQ,1,(코스닥)방송서비스
A122640,예스티,KOSDAQ,1,(코스닥)반도체
A122690,서진오토모티브,KOSDAQ,1,"(코스닥)운송장비, 부품"
A122870,와이지엔터테인먼트,KOSDAQ,1,"(코스닥)오락, 문화"
A122990,와이솔,KOSDAQ,1,(코스닥)반도체
A123010,폴라리스웍스,KOSDAQ,1,(코스닥)반도체
A123040,엠에스오토텍,KOSDAQ,1,"(코스닥)운송장비, 부품"
A123330,제닉,KOSDAQ,1,(코스닥)화학
A123410,코리아에프티,KOSDAQ,1,"(코스닥)운송장비, 부품"
A123420,선데이토즈,KOSDAQ,1,(코스닥)디지털컨텐츠
A123570,이엠넷,KOSDAQ,1,(코스닥)기타
A123750,알톤스포츠,KOSDAQ,1,"(코스닥)운송장비, 부품"
A123840,한일진공,KOSDAQ,1,"(코스닥)기계, 장비"
A123860,아나패스,KOSDAQ,1,(코스닥)반도체
A124500,아이티센,KOSDAQ,1,(코스닥)컴퓨터서비스
A124560,태웅로직스,KOSDAQ,1,(코스닥)운송
A125210,아모그린텍,KOSDAQ,1,(코스닥)IT부품
A126340,비나텍,KOSDAQ,1,(코스닥)IT부품
A126600,코프라,KOSDAQ,1,(코스닥)화학
A126640,화신정공,KOSDAQ,1,"(코스닥)운송장비, 부품"
A126700,하이비젼시스템,KOSDAQ,1,"(코스닥)의료, 정밀기기"
A126870,뉴로스,KOSDAQ,1,"(코스닥)기계, 장비"
A126880,제이엔케이히터,KOSDAQ,1,"(코스닥)기계, 장비"
A127120,디엔에이링크,KOSDAQ,1,(코스닥)기타
A127160,매직마이크로,KOSDAQ,1,(코스닥)반도체
A127710,아시아경제,KOSDAQ,1,(코스닥)디지털컨텐츠
A128540,에코캡,KOSDAQ,1,"(코스닥)운송장비, 부품"
A128660,피제이메탈,KOSDAQ,1,(코스닥)금속
A129890,앱코,KOSDAQ,1,(코스닥)정보기기
A130500,GH신소재,KOSDAQ,1,"(코스닥)섬유, 의류"
A130580,나이스디앤비,KOSDAQ,1,(코스닥)기타
A130740,티피씨글로벌,KOSDAQ,1,"(코스닥)운송장비, 부품"
A131030,디에이치피코리아,KOSDAQ,1,(코스닥)제약
A131090,시큐브,KOSDAQ,1,(코스닥)소프트웨어
A131100,스카이이앤엠,KOSDAQ,1,(코스닥)유통
A131180,딜리,KOSDAQ,1,(코스닥)정보기기
A131220,대한과학,KOSDAQ,1,(코스닥)유통
A131290,티에스이,KOSDAQ,1,(코스닥)반도체
A131370,알서포트,KOSDAQ,1,(코스닥)디지털컨텐츠
A131390,원익피앤이,KOSDAQ,1,(코스닥)일반전기전자
A131400,액트,KOSDAQ,1,(코스닥)IT부품
A131760,파인텍,KOSDAQ,1,(코스닥)IT부품
A131970,테스나,KOSDAQ,1,(코스닥)반도체
A133750,메가엠디,KOSDAQ,1,(코스닥)기타
A134060,이퓨쳐,KOSDAQ,1,"(코스닥)출판, 매체복제"
A134580,디엠티,KOSDAQ,1,(코스닥)통신장비
A136480,하림,KOSDAQ,1,"(코스닥)음식료, 담배"
A136510,쎄미시스코,KOSDAQ,1,"(코스닥)기계, 장비"
A136540,윈스,KOSDAQ,1,(코스닥)소프트웨어
A137400,피엔티,KOSDAQ,1,"(코스닥)기계, 장비"
A137940,넥스트아이,KOSDAQ,1,"(코스닥)의료, 정밀기기"
A137950,제이씨케미칼,KOSDAQ,1,(코스닥)화학
A138070,신진에스엠,KOSDAQ,1,(코스닥)금속
A138080,오이솔루션,KOSDAQ,1,(코스닥)통신장비
A138360,에이씨티,KOSDAQ,1,(코스닥)화학
A138580,비즈니스온,KOSDAQ,1,(코스닥)소프트웨어
A138610,나이벡,KOSDAQ,1,(코스닥)제약
A138690,엘아이에스,KOSDAQ,1,(코스닥)반도체
A139050,시티랩스,KOSDAQ,1,(코스닥)컴퓨터서비스
A139670,키네마스터,KOSDAQ,1,(코스닥)소프트웨어
A140070,서플러스글로벌,KOSDAQ,1,(코스닥)유통
A140410,메지온,KOSDAQ,1,(코스닥)기타
A140520,대창스틸,KOSDAQ,1,(코스닥)금속
A140670,알에스오토메이션,KOSDAQ,1,(코스닥)IT부품
A140860,파크시스템스,KOSDAQ,1,"(코스닥)의료, 정밀기기"
A141000,비아트론,KOSDAQ,1,(코스닥)반도체
A141020,포티스,KOSDAQ,1,(코스닥)유통
A141070,맥스로텍,KOSDAQ,1,"(코스닥)기계, 장비"
A141080,레고켐바이오,KOSDAQ,1,(코스닥)기타
A142210,유니트론텍,KOSDAQ,1,(코스닥)유통
A142280,녹십자엠에스,KOSDAQ,1,(코스닥)제약
A142760,바이오리더스,KOSDAQ,1,(코스닥)기타
A143160,아이디스,KOSDAQ,1,(코스닥)통신장비
A143240,사람인에이치알,KOSDAQ,1,(코스닥)인터넷
A143540,영우디에스피,KOSDAQ,1,(코스닥)반도체
A144510,녹십자랩셀,KOSDAQ,1,(코스닥)기타
A144960,뉴파워프라즈마,KOSDAQ,1,"(코스닥)기계, 장비"
A145020,휴젤,KOSDAQ,1,(코스닥)제약
A147760,마이크로프랜드,KOSDAQ,1,"(코스닥)의료, 정밀기기"
A147830,제룡산업,KOSDAQ,1,(코스닥)금속
A148140,비디아이,KOSDAQ,1,"(코스닥)기계, 장비"
A148150,세경하이테크,KOSDAQ,1,(코스닥)일반전기전자
A148250,알엔투테크놀로지,KOSDAQ,1,(코스닥)정보기기
A149950,아바텍,KOSDAQ,1,(코스닥)IT부품
A149980,하이로닉,KOSDAQ,1,"(코스닥)의료, 정밀기기"
A150840,인트로메딕,KOSDAQ,1,"(코스닥)의료, 정밀기기"
A150900,파수,KOSDAQ,1,(코스닥)소프트웨어
A151860,KG ETS,KOSDAQ,1,(코스닥)기타
A151910,나노스,KOSDAQ,1,(코스닥)IT부품
A153460,네이블,KOSDAQ,1,(코스닥)소프트웨어
A153490,우리이앤엘,KOSDAQ,1,(코스닥)반도체
A153710,옵티팜,KOSDAQ,1,(코스닥)제약
A154030,아시아종묘,KOSDAQ,1,(코스닥)KOSDAQ SMALL
A154040,솔루에타,KOSDAQ,1,(코스닥)IT부품
A155650,와이엠씨,KOSDAQ,1,(코스닥)IT부품
A156100,엘앤케이바이오,KOSDAQ,1,"(코스닥)의료, 정밀기기"
A158310,스타모빌리티,KOSDAQ,1,"(코스닥)기계, 장비"
A158430,아톤,KOSDAQ,1,(코스닥)소프트웨어
A159580,제로투세븐,KOSDAQ,1,(코스닥)유통
A159910,스킨앤스킨,KOSDAQ,1,(코스닥)반도체
A160550,NEW,KOSDAQ,1,"(코스닥)오락, 문화"
A160600,이큐셀,KOSDAQ,1,"(코스닥)기계, 장비"
A160980,싸이맥스,KOSDAQ,1,(코스닥)반도체
A161570,THE MIDONG,KOSDAQ,1,(코스닥)정보기기
A161580,필옵틱스,KOSDAQ,1,(코스닥)IT부품
A163730,핑거,KOSDAQ,1,(코스닥)소프트웨어
A164060,이루다,KOSDAQ,1,"(코스닥)의료, 정밀기기"
A166090,하나머티리얼즈,KOSDAQ,1,(코스닥)반도체
A166480,코아스템,KOSDAQ,1,(코스닥)제약
A168330,내츄럴엔도텍,KOSDAQ,1,(코스닥)기타
A169330,엠브레인,KOSDAQ,1,(코스닥)기타
A170030,현대공업,KOSDAQ,1,"(코스닥)운송장비, 부품"
A170790,파이오링크,KOSDAQ,1,(코스닥)통신장비
A170920,엘티씨,KOSDAQ,1,(코스닥)반도체
A171010,램테크놀러지,KOSDAQ,1,(코스닥)반도체
A171090,선익시스템,KOSDAQ,1,(코스닥)반도체
A171120,라이온켐텍,KOSDAQ,1,(코스닥)화학
A173130,오파스넷,KOSDAQ,1,(코스닥)소프트웨어
A173940,에프엔씨엔터,KOSDAQ,1,"(코스닥)오락, 문화"
A174880,장원테크,KOSDAQ,1,(코스닥)통신장비
A174900,앱클론,KOSDAQ,1,(코스닥)제약
A175140,인포마크,KOSDAQ,1,(코스닥)통신장비
A175250,아이큐어,KOSDAQ,1,(코스닥)제약
A176440,에이치엔티,KOSDAQ,1,(코스닥)IT부품
A177350,베셀,KOSDAQ,1,(코스닥)반도체
A177830,파버나인,KOSDAQ,1,(코스닥)일반전기전자
A178320,서진시스템,KOSDAQ,1,(코스닥)통신장비
A178780,유테크,KOSDAQ,1,(코스닥)유통
A178920,PI첨단소재,KOSDAQ,1,(코스닥)화학
A179290,엠아이텍,KOSDAQ,1,"(코스닥)의료, 정밀기기"
A179900,유티아이,KOSDAQ,1,(코스닥)IT부품
A180400,캔서롭,KOSDAQ,1,(코스닥)기타
A181340,이즈미디어,KOSDAQ,1,"(코스닥)의료, 정밀기기"
A182360,큐브엔터,KOSDAQ,1,"(코스닥)오락, 문화"
A182400,엔케이맥스,KOSDAQ,1,(코스닥)제약
A182690,테라셈,KOSDAQ,1,(코스닥)반도체
A183300,코미코,KOSDAQ,1,(코스닥)반도체
A183490,엔지켐생명과학,KOSDAQ,1,(코스닥)제약
A184230,SGA솔루션즈,KOSDAQ,1,(코스닥)소프트웨어
A185490,아이진,KOSDAQ,1,(코스닥)기타
A186230,그린플러스,KOSDAQ,1,(코스닥)금속
A187220,디티앤씨,KOSDAQ,1,(코스닥)기타
A187270,신화콘텍,KOSDAQ,1,(코스닥)IT부품
A187420,제노포커스,KOSDAQ,1,(코스닥)제약
A187790,나노,KOSDAQ,1,(코스닥)화학
A187870,디바이스이엔지,KOSDAQ,1,(코스닥)반도체
A189300,인텔리안테크,KOSDAQ,1,(코스닥)일반전기전자
A189330,씨이랩,KOSDAQ,1,(코스닥)소프트웨어
A189690,포시에스,KOSDAQ,1,(코스닥)소프트웨어
A189860,서전기전,KOSDAQ,1,(코스닥)일반전기전자
A189980,흥국에프엔비,KOSDAQ,1,"(코스닥)음식료, 담배"
A190510,나무가,KOSDAQ,1,(코스닥)IT부품
A190650,코리아에셋투자증권,KOSDAQ,1,(코스닥)금융
A191410,육일씨엔에쓰,KOSDAQ,1,(코스닥)IT부품
A191420,테고사이언스,KOSDAQ,1,(코스닥)제약
A192250,케이사인,KOSDAQ,1,(코스닥)소프트웨어
A192390,윈하이텍,KOSDAQ,1,(코스닥)금속
A192410,THQ,KOSDAQ,1,(코스닥)통신장비
A192440,슈피겐코리아,KOSDAQ,1,(코스닥)IT부품
A193250,와이제이엠게임즈,KOSDAQ,1,(코스닥)IT부품
A194480,데브시스터즈,KOSDAQ,1,(코스닥)디지털컨텐츠
A194700,노바렉스,KOSDAQ,1,"(코스닥)음식료, 담배"
A195440,퓨전,KOSDAQ,1,(코스닥)소프트웨어
A195500,마니커에프앤지,KOSDAQ,1,"(코스닥)음식료, 담배"
A195990,에이비프로바이오,KOSDAQ,1,"(코스닥)기계, 장비"
A196170,알테오젠,KOSDAQ,1,(코스닥)기타
A196300,애니젠,KOSDAQ,1,(코스닥)제약
A196450,코아시아옵틱스,KOSDAQ,1,"(코스닥)의료, 정밀기기"
A196490,디에이테크놀로지,KOSDAQ,1,"(코스닥)기계, 장비"
A196700,웹스,KOSDAQ,1,(코스닥)화학
A197140,디지캡,KOSDAQ,1,"(코스닥)출판, 매체복제"
A198080,엔피디,KOSDAQ,1,(코스닥)IT부품
A198440,고려시멘트,KOSDAQ,1,(코스닥)비금속
A199820,제일전기공업,KOSDAQ,1,(코스닥)일반전기전자
A200130,콜마비앤에이치,KOSDAQ,1,(코스닥)제약
A200230,텔콘RF제약,KOSDAQ,1,(코스닥)통신장비
A200470,에이팩트,KOSDAQ,1,(코스닥)반도체
A200670,휴메딕스,KOSDAQ,1,(코스닥)제약
A200710,에이디테크놀로지,KOSDAQ,1,(코스닥)반도체
A200780,비씨월드제약,KOSDAQ,1,(코스닥)제약
A201490,미투온,KOSDAQ,1,(코스닥)디지털컨텐츠
A203450,유니온커뮤니티,KOSDAQ,1,(코스닥)일반전기전자
A203650,드림시큐리티,KOSDAQ,1,"(코스닥)출판, 매체복제"
A203690,프로스테믹스,KOSDAQ,1,(코스닥)제약
A204020,그리티,KOSDAQ,1,"(코스닥)섬유, 의류"
A204270,제이앤티씨,KOSDAQ,1,(코스닥)일반전기전자
A204620,글로벌텍스프리,KOSDAQ,1,(코스닥)금융
A204630,스튜디오산타클로스,KOSDAQ,1,"(코스닥)오락, 문화"
A204840,지엘팜텍,KOSDAQ,1,(코스닥)기타
A205100,엑셈,KOSDAQ,1,(코스닥)소프트웨어
A205470,휴마시스,KOSDAQ,1,(코스닥)제약
A205500,액션스퀘어,KOSDAQ,1,(코스닥)디지털컨텐츠
A206400,베노홀딩스,KOSDAQ,1,(코스닥)소프트웨어
A206560,덱스터,KOSDAQ,1,"(코스닥)오락, 문화"
A206640,바디텍메드,KOSDAQ,1,(코스닥)제약
A206650,유바이오로직스,KOSDAQ,1,(코스닥)제약
A207760,미스터블루,KOSDAQ,1,(코스닥)디지털컨텐츠
A208140,정다운,KOSDAQ,1,"(코스닥)음식료, 담배"
A208340,파멥신,KOSDAQ,1,(코스닥)제약
A208350,지란지교시큐리티,KOSDAQ,1,"(코스닥)출판, 매체복제"
A208370,셀바스헬스케어,KOSDAQ,1,"(코스닥)의료, 정밀기기"
A208640,썸에이지,KOSDAQ,1,"(코스닥)출판, 매체복제"
A208710,바이오로그디바이스,KOSDAQ,1,(코스닥)IT부품
A208860,엔지스테크널러지,KOSDAQ,1,(코스닥)소프트웨어
A211270,AP위성,KOSDAQ,1,(코스닥)통신장비
A212560,네오오토,KOSDAQ,1,"(코스닥)운송장비, 부품"
A213090,미래테크놀로지,KOSDAQ,1,(코스닥)소프트웨어
A213420,덕산네오룩스,KOSDAQ,1,(코스닥)반도체
A214150,클래시스,KOSDAQ,1,"(코스닥)의료, 정밀기기"
A214180,민앤지,KOSDAQ,1,(코스닥)소프트웨어
A214260,라파스,KOSDAQ,1,(코스닥)화학
A214270,퓨쳐스트림네트웍스,KOSDAQ,1,"(코스닥)출판, 매체복제"
A214310,에스엘바이오닉스,KOSDAQ,1,(코스닥)반도체
A214370,케어젠,KOSDAQ,1,(코스닥)제약
A214430,아이쓰리시스템,KOSDAQ,1,(코스닥)일반전기전자
A214450,파마리서치,KOSDAQ,1,(코스닥)제약
A214610,미코바이오메드,KOSDAQ,1,"(코스닥)의료, 정밀기기"
A214680,디알텍,KOSDAQ,1,"(코스닥)의료, 정밀기기"
A214870,뉴지랩파마,KOSDAQ,1,(코스닥)유통
A215000,골프존,KOSDAQ,1,(코스닥)소프트웨어
A215090,이디티,KOSDAQ,1,"(코스닥)의료, 정밀기기"
A215100,로보로보,KOSDAQ,1,(코스닥)디지털컨텐츠
A215200,메가스터디교육,KOSDAQ,1,(코스닥)기타
A215360,우리산업,KOSDAQ,1,"(코스닥)운송장비, 부품"
A215380,우정바이오,KOSDAQ,1,(코스닥)기타
A215480,토박스코리아,KOSDAQ,1,(코스닥)유통
A215600,신라젠,KOSDAQ,1,(코스닥)기타
A215790,이노인스트루먼트,KOSDAQ,1,(코스닥)통신장비
A216050,인크로스,KOSDAQ,1,(코스닥)기타
A216080,제테마,KOSDAQ,1,(코스닥)제약
A217190,제너셈,KOSDAQ,1,(코스닥)반도체
A217270,넵튠,KOSDAQ,1,"(코스닥)출판, 매체복제"
A217330,싸이토젠,KOSDAQ,1,(코스닥)기타
A217480,에스디생명공학,KOSDAQ,1,(코스닥)화학
A217500,러셀,KOSDAQ,1,"(코스닥)기계, 장비"
A217600,켐온,KOSDAQ,1,(코스닥)기타
A217620,디딤,KOSDAQ,1,(코스닥)KOSDAQ SMALL
A217730,강스템바이오텍,KOSDAQ,1,(코스닥)제약
A217820,엔에스,KOSDAQ,1,"(코스닥)기계, 장비"
A218150,미래생명자원,KOSDAQ,1,"(코스닥)음식료, 담배"
A218410,RFHIC,KOSDAQ,1,(코스닥)일반전기전자
A219130,타이거일렉,KOSDAQ,1,(코스닥)반도체
A219420,링크제니시스,KOSDAQ,1,(코스닥)소프트웨어
A219550,자안코스메틱,KOSDAQ,1,(코스닥)유통
A219750,지티지웰니스,KOSDAQ,1,"(코스닥)의료, 정밀기기"
A220100,퓨쳐켐,KOSDAQ,1,(코스닥)제약
A220180,핸디소프트,KOSDAQ,1,(코스닥)소프트웨어
A220260,켐트로스,KOSDAQ,1,(코스닥)화학
A220630,맘스터치,KOSDAQ,1,(코스닥)유통
A221610,자안바이오,KOSDAQ,1,(코스닥)화학
A221840,하이즈항공,KOSDAQ,1,"(코스닥)운송장비, 부품"
A221980,케이디켐,KOSDAQ,1,(코스닥)화학
A222040,코스맥스엔비티,KOSDAQ,1,"(코스닥)음식료, 담배"
A222080,씨아이에스,KOSDAQ,1,"(코스닥)기계, 장비"
A222110,팬젠,KOSDAQ,1,(코스닥)제약
A222420,쎄노텍,KOSDAQ,1,(코스닥)비금속
A222800,심텍,KOSDAQ,1,(코스닥)반도체
A222810,마이더스AI,KOSDAQ,1,(코스닥)소프트웨어
A222980,한국맥널티,KOSDAQ,1,"(코스닥)음식료, 담배"
A223250,드림씨아이에스,KOSDAQ,1,(코스닥)기타
A223310,경남제약헬스케어,KOSDAQ,1,(코스닥)소프트웨어
A224060,코디엠,KOSDAQ,1,(코스닥)반도체
A224110,에이텍티앤,KOSDAQ,1,(코스닥)정보기기
A225190,삼양옵틱스,KOSDAQ,1,"(코스닥)의료, 정밀기기"
A225220,제놀루션,KOSDAQ,1,(코스닥)제약
A225330,씨엠에스에듀,KOSDAQ,1,(코스닥)기타
A225430,케이엠제약,KOSDAQ,1,(코스닥)화학
A225530,보광산업,KOSDAQ,1,(코스닥)비금속
A225570,넷게임즈,KOSDAQ,1,(코스닥)디지털컨텐츠
A225590,패션플랫폼,KOSDAQ,1,"(코스닥)섬유, 의류"
A226330,신테카바이오,KOSDAQ,1,"(코스닥)출판, 매체복제"
A226340,본느,KOSDAQ,1,(코스닥)화학
A226350,아이엠텍,KOSDAQ,1,(코스닥)통신장비
A226360,KH E&T,KOSDAQ,1,(코스닥)건설
A226400,오스테오닉,KOSDAQ,1,"(코스닥)의료, 정밀기기"
A226440,한송네오텍,KOSDAQ,1,"(코스닥)기계, 장비"
A226950,올릭스,KOSDAQ,1,(코스닥)기타
A227100,디자인,KOSDAQ,1,(코스닥)일반전기전자
A227610,아우딘퓨쳐스,KOSDAQ,1,(코스닥)화학
A227950,엔투텍,KOSDAQ,1,"(코스닥)기계, 장비"
A228340,동양파일,KOSDAQ,1,(코스닥)비금속
A228670,레이,KOSDAQ,1,"(코스닥)의료, 정밀기기"
A228760,지노믹트리,KOSDAQ,1,(코스닥)제약
A228850,레이언스,KOSDAQ,1,"(코스닥)의료, 정밀기기"
A229000,젠큐릭스,KOSDAQ,1,(코스닥)제약
A230240,에치에프알,KOSDAQ,1,(코스닥)일반전기전자
A230360,에코마케팅,KOSDAQ,1,(코스닥)기타
A230980,에이트원,KOSDAQ,1,"(코스닥)출판, 매체복제"
A232140,와이아이케이,KOSDAQ,1,(코스닥)반도체
A234100,세원,KOSDAQ,1,"(코스닥)운송장비, 부품"
A234300,에스트래픽,KOSDAQ,1,(코스닥)소프트웨어
A234340,세틀뱅크,KOSDAQ,1,(코스닥)소프트웨어
A234690,녹십자웰빙,KOSDAQ,1,(코스닥)제약
A234920,자이글,KOSDAQ,1,(코스닥)일반전기전자
A235980,메드팩토,KOSDAQ,1,(코스닥)기타
A236200,슈프리마,KOSDAQ,1,(코스닥)일반전기전자
A236810,엔비티,KOSDAQ,1,(코스닥)기타
A237690,에스티팜,KOSDAQ,1,(코스닥)제약
A237750,피앤씨테크,KOSDAQ,1,(코스닥)일반전기전자
A237820,플레이디,KOSDAQ,1,(코스닥)기타
A237880,클리오,KOSDAQ,1,(코스닥)화학
A238090,앤디포스,KOSDAQ,1,(코스닥)비금속
A238120,얼라인드,KOSDAQ,1,"(코스닥)의료, 정밀기기"
A238200,비피도,KOSDAQ,1,"(코스닥)음식료, 담배"
A238490,힘스,KOSDAQ,1,(코스닥)반도체
A239340,줌인터넷,KOSDAQ,1,(코스닥)인터넷
A239610,에이치엘사이언스,KOSDAQ,1,"(코스닥)음식료, 담배"
A239890,피엔에이치테크,KOSDAQ,1,(코스닥)화학
A240810,원익IPS,KOSDAQ,1,(코스닥)반도체
A241520,DSC인베스트먼트,KOSDAQ,1,(코스닥)금융
A241690,유니테크노,KOSDAQ,1,"(코스닥)운송장비, 부품"
A241710,코스메카코리아,KOSDAQ,1,(코스닥)화학
A241770,메카로,KOSDAQ,1,(코스닥)반도체
A241790,오션브릿지,KOSDAQ,1,(코스닥)반도체
A241820,피씨엘,KOSDAQ,1,(코스닥)제약
A241840,에이스토리,KOSDAQ,1,"(코스닥)오락, 문화"
A242040,나무기술,KOSDAQ,1,"(코스닥)출판, 매체복제"
A243070,휴온스,KOSDAQ,1,(코스닥)제약
A243840,신흥에스이씨,KOSDAQ,1,(코스닥)IT부품
A244460,올리패스,KOSDAQ,1,(코스닥)제약
A245620,EDGC,KOSDAQ,1,(코스닥)기타
A246690,TS인베스트먼트,KOSDAQ,1,(코스닥)금융
A246710,티앤알바이오팹,KOSDAQ,1,(코스닥)제약
A246720,아스타,KOSDAQ,1,(코스닥)제약
A246960,이노테라피,KOSDAQ,1,(코스닥)제약
A247540,에코프로비엠,KOSDAQ,1,(코스닥)일반전기전자
A247660,나노씨엠에스,KOSDAQ,1,(코스닥)일반전기전자
A250000,보라티알,KOSDAQ,1,(코스닥)유통
A250060,모비스,KOSDAQ,1,(코스닥)소프트웨어
A250930,예선테크,KOSDAQ,1,(코스닥)화학
A251370,와이엠티,KOSDAQ,1,(코스닥)화학
A251630,브이원텍,KOSDAQ,1,"(코스닥)기계, 장비"
A251970,펌텍코리아,KOSDAQ,1,(코스닥)화학
A252500,세화피앤씨,KOSDAQ,1,(코스닥)화학
A252990,샘씨엔에스,KOSDAQ,1,(코스닥)반도체
A253450,스튜디오드래곤,KOSDAQ,1,"(코스닥)오락, 문화"
A253590,네오셈,KOSDAQ,1,(코스닥)반도체
A253840,수젠텍,KOSDAQ,1,"(코스닥)의료, 정밀기기"
A254120,자비스,KOSDAQ,1,"(코스닥)기계, 장비"
A255220,SG,KOSDAQ,1,(코스닥)비금속
A255440,야스,KOSDAQ,1,(코스닥)IT부품
A256150,한독크린텍,KOSDAQ,1,"(코스닥)기계, 장비"
A256630,포인트엔지니어링,KOSDAQ,1,(코스닥)금속
A256840,한국비엔씨,KOSDAQ,1,(코스닥)제약
A256940,케이피에스,KOSDAQ,1,(코스닥)반도체
A257370,명성티엔에스,KOSDAQ,1,(코스닥)IT부품
A258610,이더블유케이,KOSDAQ,1,(코스닥)금속
A258790,소프트캠프,KOSDAQ,1,"(코스닥)출판, 매체복제"
A258830,세종메디칼,KOSDAQ,1,"(코스닥)의료, 정밀기기"
A259630,엠플러스,KOSDAQ,1,"(코스닥)기계, 장비"
A260660,알리코제약,KOSDAQ,1,(코스닥)제약
A260930,씨티케이코스메틱스,KOSDAQ,1,(코스닥)화학
A261200,덴티스,KOSDAQ,1,"(코스닥)의료, 정밀기기"
A262260,에이프로,KOSDAQ,1,(코스닥)일반전기전자
A262840,아이퀘스트,KOSDAQ,1,(코스닥)소프트웨어
A263020,디케이앤디,KOSDAQ,1,(코스닥)화학
A263050,유틸렉스,KOSDAQ,1,(코스닥)제약
A263540,샘코,KOSDAQ,1,"(코스닥)운송장비, 부품"
A263600,덕우전자,KOSDAQ,1,(코스닥)일반전기전자
A263690,디알젬,KOSDAQ,1,"(코스닥)의료, 정밀기기"
A263700,케어랩스,KOSDAQ,1,(코스닥)소프트웨어
A263720,디앤씨미디어,KOSDAQ,1,(코스닥)디지털컨텐츠
A263750,펄어비스,KOSDAQ,1,(코스닥)디지털컨텐츠
A263770,유에스티,KOSDAQ,1,(코스닥)금속
A263800,데이타솔루션,KOSDAQ,1,(코스닥)정보기기
A263810,상신전자,KOSDAQ,1,(코스닥)일반전기전자
A263860,지니언스,KOSDAQ,1,(코스닥)소프트웨어
A263920,블러썸엠앤씨,KOSDAQ,1,(코스닥)기타 제조
A264450,유비쿼스,KOSDAQ,1,(코스닥)통신장비
A264660,씨앤지하이테크,KOSDAQ,1,(코스닥)반도체
A264850,이랜시스,KOSDAQ,1,(코스닥)일반전기전자
A265520,AP시스템,KOSDAQ,1,(코스닥)반도체
A265560,영화테크,KOSDAQ,1,"(코스닥)운송장비, 부품"
A265740,엔에프씨,KOSDAQ,1,(코스닥)화학
A267320,나인테크,KOSDAQ,1,(코스닥)IT부품
A267790,배럴,KOSDAQ,1,"(코스닥)섬유, 의류"
A267980,매일유업,KOSDAQ,1,"(코스닥)음식료, 담배"
A268600,셀리버리,KOSDAQ,1,(코스닥)기타
A269620,시스웍,KOSDAQ,1,"(코스닥)의료, 정밀기기"
A270520,지엔원에너지,KOSDAQ,1,(코스닥)기타
A270870,뉴트리,KOSDAQ,1,"(코스닥)음식료, 담배"
A272110,케이엔제이,KOSDAQ,1,"(코스닥)기계, 장비"
A272290,이녹스첨단소재,KOSDAQ,1,(코스닥)IT부품
A273060,와이즈버즈,KOSDAQ,1,(코스닥)기타
A274090,켄코아에어로스페이스,KOSDAQ,1,"(코스닥)운송장비, 부품"
A275630,에스에스알,KOSDAQ,1,(코스닥)소프트웨어
A276730,제주맥주,KOSDAQ,1,"(코스닥)음식료, 담배"
A277070,린드먼아시아,KOSDAQ,1,(코스닥)금융
A277410,인산가,KOSDAQ,1,"(코스닥)음식료, 담배"
A277810,레인보우로보틱스,KOSDAQ,1,"(코스닥)기계, 장비"
A277880,티에스아이,KOSDAQ,1,"(코스닥)기계, 장비"
A278280,천보,KOSDAQ,1,(코스닥)화학
A278650,노터스,KOSDAQ,1,(코스닥)기타
A279600,미디어젠,KOSDAQ,1,(코스닥)소프트웨어
A281740,레이크머티리얼즈,KOSDAQ,1,(코스닥)화학
A282880,코윈테크,KOSDAQ,1,"(코스닥)기계, 장비"
A284620,카이노스메드,KOSDAQ,1,(코스닥)기타
A285490,노바텍,KOSDAQ,1,(코스닥)기타 제조
A286750,나노브릭,KOSDAQ,1,(코스닥)화학
A287410,제이시스메디칼,KOSDAQ,1,"(코스닥)의료, 정밀기기"
A288330,브릿지바이오테라퓨틱스,KOSDAQ,1,(코스닥)제약
A288620,에스퓨얼셀,KOSDAQ,1,(코스닥)일반전기전자
A289010,아이스크림에듀,KOSDAQ,1,"(코스닥)출판, 매체복제"
A289080,SV인베스트먼트,KOSDAQ,1,(코스닥)금융
A289220,자이언트스텝,KOSDAQ,1,"(코스닥)오락, 문화"
A290120,대유에이피,KOSDAQ,1,"(코스닥)운송장비, 부품"
A290270,휴네시온,KOSDAQ,1,(코스닥)소프트웨어
A290380,대유,KOSDAQ,1,(코스닥)화학
A290510,코리아센터,KOSDAQ,1,(코스닥)소프트웨어
A290520,신도기연,KOSDAQ,1,"(코스닥)기계, 장비"
A290550,디케이티,KOSDAQ,1,(코스닥)IT부품
A290650,엘앤씨바이오,KOSDAQ,1,(코스닥)제약
A290660,네오펙트,KOSDAQ,1,"(코스닥)의료, 정밀기기"
A290670,대보마그네틱,KOSDAQ,1,"(코스닥)기계, 장비"
A290690,소룩스,KOSDAQ,1,(코스닥)일반전기전자
A290720,푸드나무,KOSDAQ,1,(코스닥)유통
A290740,액트로,KOSDAQ,1,(코스닥)IT부품
A291230,삼성스팩2호,KOSDAQ,1,(코스닥)금융
A291650,압타머사이언스,KOSDAQ,1,(코스닥)기타
A293490,카카오게임즈,KOSDAQ,1,(코스닥)디지털컨텐츠
A293580,나우IB,KOSDAQ,1,(코스닥)금융
A293780,압타바이오,KOSDAQ,1,(코스닥)기타
A294090,이오플로우,KOSDAQ,1,"(코스닥)의료, 정밀기기"
A294140,레몬,KOSDAQ,1,(코스닥)화학
A294570,쿠콘,KOSDAQ,1,(코스닥)소프트웨어
A294630,서남,KOSDAQ,1,(코스닥)일반전기전자
A297090,씨에스베어링,KOSDAQ,1,"(코스닥)기계, 장비"
A297570,알로이스,KOSDAQ,1,(코스닥)통신장비
A297890,엘이티,KOSDAQ,1,"(코스닥)기계, 장비"
A298060,에스씨엠생명과학,KOSDAQ,1,(코스닥)제약
A298380,에이비엘바이오,KOSDAQ,1,(코스닥)제약
A298540,더네이쳐홀딩스,KOSDAQ,1,"(코스닥)섬유, 의류"
A299030,하나기술,KOSDAQ,1,"(코스닥)기계, 장비"
A299170,더블유에스아이,KOSDAQ,1,(코스닥)유통
A299660,셀리드,KOSDAQ,1,(코스닥)기타
A299900,위지윅스튜디오,KOSDAQ,1,"(코스닥)오락, 문화"
A299910,베스파,KOSDAQ,1,(코스닥)디지털컨텐츠
A300080,플리토,KOSDAQ,1,(코스닥)디지털컨텐츠
A300120,라온피플,KOSDAQ,1,(코스닥)IT부품
A301300,바이브컴퍼니,KOSDAQ,1,(코스닥)소프트웨어
A302430,이노메트리,KOSDAQ,1,"(코스닥)기계, 장비"
A302550,리메드,KOSDAQ,1,"(코스닥)의료, 정밀기기"
A303030,지니틱스,KOSDAQ,1,(코스닥)반도체
A304100,솔트룩스,KOSDAQ,1,(코스닥)소프트웨어
A304840,피플바이오,KOSDAQ,1,(코스닥)제약
A305090,마이크로디지탈,KOSDAQ,1,"(코스닥)의료, 정밀기기"
A306040,에스제이그룹,KOSDAQ,1,"(코스닥)섬유, 의류"
A306620,네온테크,KOSDAQ,1,"(코스닥)기계, 장비"
A307070,SK4호스팩,KOSDAQ,1,(코스닥)금융
A307160,하나머스트제6호스팩,KOSDAQ,1,(코스닥)금융
A307180,아이엘사이언스,KOSDAQ,1,(코스닥)일반전기전자
A307280,원바이오젠,KOSDAQ,1,(코스닥)제약
A307750,국전약품,KOSDAQ,1,(코스닥)제약
A307870,상상인이안1호스팩,KOSDAQ,1,(코스닥)금융
A307930,컴퍼니케이,KOSDAQ,1,(코스닥)금융
A308100,까스텔바작,KOSDAQ,1,(코스닥)유통
A309930,오하임아이엔티,KOSDAQ,1,(코스닥)유통
A310200,애니플러스,KOSDAQ,1,"(코스닥)오락, 문화"
A310840,엔에이치스팩13호,KOSDAQ,1,(코스닥)금융
A310870,한국제8호스팩,KOSDAQ,1,(코스닥)금융
A311270,키움제5호스팩,KOSDAQ,1,(코스닥)금융
A311390,네오크레마,KOSDAQ,1,"(코스닥)음식료, 담배"
A311690,천랩,KOSDAQ,1,(코스닥)기타
A312610,에이에프더블류,KOSDAQ,1,(코스닥)일반전기전자
A313750,유안타제4호스팩,KOSDAQ,1,(코스닥)금융
A313760,윌링스,KOSDAQ,1,(코스닥)일반전기전자
A314130,지놈앤컴퍼니,KOSDAQ,1,(코스닥)제약
A314930,바이오다인,KOSDAQ,1,"(코스닥)의료, 정밀기기"
A317030,케이비17호스팩,KOSDAQ,1,(코스닥)금융
A317120,라닉스,KOSDAQ,1,(코스닥)일반전기전자
A317240,TS트릴리온,KOSDAQ,1,(코스닥)화학
A317320,한화에스비아이스팩,KOSDAQ,1,(코스닥)금융
A317330,덕산테코피아,KOSDAQ,1,(코스닥)반도체
A317530,캐리소프트,KOSDAQ,1,"(코스닥)오락, 문화"
A317690,퀀타매트릭스,KOSDAQ,1,"(코스닥)의료, 정밀기기"
A317770,슈프리마아이디,KOSDAQ,1,(코스닥)일반전기전자
A317830,에스피시스템스,KOSDAQ,1,"(코스닥)기계, 장비"
A317850,대모,KOSDAQ,1,"(코스닥)기계, 장비"
A317870,엔바이오니아,KOSDAQ,1,(코스닥)기타 제조
A318000,한국바이오젠,KOSDAQ,1,(코스닥)화학
A318010,팜스빌,KOSDAQ,1,"(코스닥)음식료, 담배"
A318020,포인트모바일,KOSDAQ,1,(코스닥)일반전기전자
A318410,비비씨,KOSDAQ,1,(코스닥)기타 제조
A319400,현대무벡스,KOSDAQ,1,"(코스닥)기계, 장비"
A319660,피에스케이,KOSDAQ,1,(코스닥)반도체
A320000,윈텍,KOSDAQ,1,"(코스닥)기계, 장비"
A321260,유진스팩4호,KOSDAQ,1,(코스닥)금융
A321550,티움바이오,KOSDAQ,1,(코스닥)기타
A321820,와이더플래닛,KOSDAQ,1,"(코스닥)출판, 매체복제"
A322180,티라유텍,KOSDAQ,1,(코스닥)소프트웨어
A322310,오로스테크놀로지,KOSDAQ,1,"(코스닥)기계, 장비"
A322510,제이엘케이,KOSDAQ,1,(코스닥)소프트웨어
A322780,코퍼스코리아,KOSDAQ,1,"(코스닥)오락, 문화"
A323210,이베스트이안스팩1호,KOSDAQ,1,(코스닥)금융
A323230,엠에프엠코리아,KOSDAQ,1,"(코스닥)섬유, 의류"
A323280,신영스팩5호,KOSDAQ,1,(코스닥)금융
A323940,케이비제18호스팩,KOSDAQ,1,(코스닥)금융
A323990,박셀바이오,KOSDAQ,1,(코스닥)기타
A327260,RF머트리얼즈,KOSDAQ,1,(코스닥)기타 제조
A328380,미래에셋대우스팩3호,KOSDAQ,1,(코스닥)금융
A329560,상상인이안제2호스팩,KOSDAQ,1,(코스닥)금융
A330350,위더스제약,KOSDAQ,1,(코스닥)제약
A330860,네패스아크,KOSDAQ,1,(코스닥)반도체
A330990,케이비제19호스팩,KOSDAQ,1,(코스닥)금융
A331380,유진스팩5호,KOSDAQ,1,(코스닥)금융
A331520,교보9호스팩,KOSDAQ,1,(코스닥)금융
A331920,셀레믹스,KOSDAQ,1,(코스닥)제약
A332290,대신밸런스제7호스팩,KOSDAQ,1,(코스닥)금융
A332370,아이디피,KOSDAQ,1,(코스닥)정보기기
A332570,와이팜,KOSDAQ,1,(코스닥)IT부품
A332710,하나금융14호스팩,KOSDAQ,1,(코스닥)금융
A333050,신한제6호스팩,KOSDAQ,1,(코스닥)금융
A333430,일승,KOSDAQ,1,"(코스닥)운송장비, 부품"
A333620,엔시스,KOSDAQ,1,(코스닥)일반전기전자
A334970,프레스티지바이오로직스,KOSDAQ,1,(코스닥)제약
A335810,프리시젼바이오,KOSDAQ,1,"(코스닥)의료, 정밀기기"
A335870,IBKS제12호스팩,KOSDAQ,1,(코스닥)금융
A335890,비올,KOSDAQ,1,"(코스닥)의료, 정밀기기"
A336060,유안타제5호스팩,KOSDAQ,1,(코스닥)금융
A336570,대신밸런스제8호스팩,KOSDAQ,1,(코스닥)금융
A337450,SK5호스팩,KOSDAQ,1,(코스닥)금융
A337930,브랜드엑스코퍼레이션,KOSDAQ,1,(코스닥)인터넷
A338220,뷰노,KOSDAQ,1,(코스닥)소프트웨어
A339950,아이비김영,KOSDAQ,1,(코스닥)기타
A340120,하이제5호스팩,KOSDAQ,1,(코스닥)금융
A340350,SK6호스팩,KOSDAQ,1,(코스닥)금융
A340360,유안타제6호스팩,KOSDAQ,1,(코스닥)금융
A340440,한화플러스제1호스팩,KOSDAQ,1,(코스닥)금융
A340570,티앤엘,KOSDAQ,1,(코스닥)제약
A340930,유일에너테크,KOSDAQ,1,"(코스닥)기계, 장비"
A341160,하나금융15호스팩,KOSDAQ,1,(코스닥)금융
A342550,케이비제20호스팩,KOSDAQ,1,(코스닥)금융
A343510,하나금융16호스팩,KOSDAQ,1,(코스닥)금융
A344050,신영스팩6호,KOSDAQ,1,(코스닥)금융
A347000,센코,KOSDAQ,1,(코스닥)일반전기전자
A347140,케이프이에스제4호,KOSDAQ,1,(코스닥)금융
A347700,라이프시맨틱스,KOSDAQ,1,(코스닥)소프트웨어
A347740,피엔케이피부임상연구센타,KOSDAQ,1,(코스닥)기타
A347770,핌스,KOSDAQ,1,(코스닥)IT부품
A347860,알체라,KOSDAQ,1,(코스닥)소프트웨어
A347890,엠투아이,KOSDAQ,1,(코스닥)정보기기
A348030,모비릭스,KOSDAQ,1,(코스닥)디지털컨텐츠
A348150,고바이오랩,KOSDAQ,1,(코스닥)기타
A348210,넥스틴,KOSDAQ,1,(코스닥)반도체
A348350,위드텍,KOSDAQ,1,"(코스닥)의료, 정밀기기"
A349720,이베스트스팩5호,KOSDAQ,1,(코스닥)금융
A351320,IBKS제14호스팩,KOSDAQ,1,(코스닥)금융
A351330,이삭엔지니어링,KOSDAQ,1,(코스닥)컴퓨터서비스
A351340,IBKS제13호스팩,KOSDAQ,1,(코스닥)금융
A352480,씨앤씨인터내셔널,KOSDAQ,1,(코스닥)화학
A352700,씨앤투스성진,KOSDAQ,1,"(코스닥)섬유, 의류"
A352770,클리노믹스,KOSDAQ,1,(코스닥)기타
A352940,인바이오,KOSDAQ,1,(코스닥)화학
A353060,에이치엠씨제5호스팩,KOSDAQ,1,(코스닥)금융
A353070,에이치엠씨제4호스팩,KOSDAQ,1,(코스닥)금융
A353190,엔에이치스팩16호,KOSDAQ,1,(코스닥)금융
A353490,미래에셋대우스팩 5호,KOSDAQ,1,(코스닥)금융
A353810,이지바이오,KOSDAQ,1,"(코스닥)음식료, 담배"
A354200,엔젠바이오,KOSDAQ,1,(코스닥)기타
A355150,교보10호스팩,KOSDAQ,1,(코스닥)금융
A356860,티엘비,KOSDAQ,1,(코스닥)일반전기전자
A356890,싸이버원,KOSDAQ,1,(코스닥)소프트웨어
A357230,에이치피오,KOSDAQ,1,"(코스닥)음식료, 담배"
A357550,석경에이티,KOSDAQ,1,(코스닥)화학
A357780,솔브레인,KOSDAQ,1,(코스닥)화학
A359090,엔에이치스팩17호,KOSDAQ,1,(코스닥)금융
A361390,제노코,KOSDAQ,1,(코스닥)통신장비
A361670,삼영에스앤씨,KOSDAQ,1,(코스닥)일반전기전자
A363250,진시스템,KOSDAQ,1,"(코스닥)의료, 정밀기기"
A363260,하나금융17호스팩,KOSDAQ,1,(코스닥)금융
A365590,엔에이치스팩18호,KOSDAQ,1,(코스닥)금융
A366330,신한제7호스팩,KOSDAQ,1,(코스닥)금융
A367340,DB금융스팩8호,KOSDAQ,1,(코스닥)금융
A367360,DB금융스팩9호,KOSDAQ,1,(코스닥)금융
A367460,유안타제7호스팩,KOSDAQ,1,(코스닥)금융
A367480,유안타제8호스팩,KOSDAQ,1,(코스닥)금융
A368770,한국9호스팩,KOSDAQ,1,(코스닥)금융
A369370,대신밸런스제9호스팩,KOSDAQ,1,(코스닥)금융
A372290,하나머스트7호스팩,KOSDAQ,1,(코스닥)금융
A373200,IBKS제15호스팩,KOSDAQ,1,(코스닥)금융
A373340,유진스팩6호,KOSDAQ,1,(코스닥)금융
A377400,하이제6호스팩,KOSDAQ,1,(코스닥)금융
A377630,삼성스팩4호,KOSDAQ,1,(코스닥)금융
A383310,에코프로에이치엔,KOSDAQ,1,(코스닥)화학
A900070,글로벌에스엠,KOSDAQ,13,금융업
A900080,에스앤씨엔진그룹,KOSDAQ,13,금융업
A900100,뉴프라이드,KOSDAQ,13,자동차및부품판매업
A900110,이스트아시아홀딩스,KOSDAQ,13,금융업
A900120,씨케이에이치,KOSDAQ,13,금융업
A900250,크리스탈신소재,KOSDAQ,13,금융업
A900260,로스웰,KOSDAQ,13,금융업
A900270,헝셩그룹,KOSDAQ,13,금융업
A900280,골든센츄리,KOSDAQ,13,금융업
A900290,GRT,KOSDAQ,13,금융업
A900300,오가닉티코스메틱,KOSDAQ,13,금융업
A900310,컬러레이,KOSDAQ,13,금융업
A900340,윙입푸드,KOSDAQ,13,금융업
A950110,SBI핀테크솔루션즈,KOSDAQ,6,출판업
A950130,엑세스바이오,KOSDAQ,6,의료용물질및의약품제조업
A950140,잉글우드랩,KOSDAQ,6,화학물질및화학제품제조업
A950160,코오롱티슈진,KOSDAQ,6,의료용물질및의약품제조업
A950170,JTC,KOSDAQ,6,소매업
A950180,SNK,KOSDAQ,6,출판업
A950190,미투젠,KOSDAQ,6,출판업
A950200,소마젠(Reg.S),KOSDAQ,6,"기타전문,과학및기술서비스업"
A950220,네오이뮨텍(Reg.S),KOSDAQ,6,연구개발업
