A000020,동화약품
A000040,KR모터스
A000050,경방
A000060,메리츠화재
A000070,삼양홀딩스
A000075,삼양홀딩스우
A000080,하이트진로
A000087,하이트진로2우B
A000100,유한양행
A000105,유한양행우
A000120,CJ대한통운
A000140,하이트진로홀딩스
A000145,하이트진로홀딩스우
A000150,두산
A000155,두산우
A000157,두산2우B
A000180,성창기업지주
A000210,DL
A000215,DL우
A000220,유유제약
A000225,유유제약1우
A000227,유유제약2우B
A000230,일동홀딩스
A000240,한국앤컴퍼니
A000270,기아
A000300,대유플러스
A000320,노루홀딩스
A000325,노루홀딩스우
A000370,한화손해보험
A000390,삼화페인트
A000400,롯데손해보험
A000430,대원강업
A000480,조선내화
A000490,대동
A000500,가온전선
A000520,삼일제약
A000540,흥국화재
A000545,흥국화재우
A000547,흥국화재2우B
A000590,CS홀딩스
A000640,동아쏘시오홀딩스
A000650,천일고속
A000660,SK하이닉스
A000670,영풍
A000680,LS네트웍스
A000700,유수홀딩스
A000720,현대건설
A000725,현대건설우
A000760,이화산업
A000810,삼성화재
A000815,삼성화재우
A000850,화천기공
A000860,강남제비스코
A000880,한화
A000885,한화우
A00088K,한화3우B
A000890,보해양조
A000910,유니온
A000950,전방
A000970,한국주철관
A000990,DB하이텍
A000995,DB하이텍1우
A001020,페이퍼코리아
A001040,CJ
A001045,CJ우
A00104K,CJ4우(전환)
A001060,JW중외제약
A001065,JW중외제약우
A001067,JW중외제약2우B
A001070,대한방직
A001080,만호제강
A001120,LG상사
A001130,대한제분
A001140,국보
A001200,유진투자증권
A001210,금호전기
A001230,동국제강
A001250,GS글로벌
A001260,남광토건
A001270,부국증권
A001275,부국증권우
A001290,상상인증권
A001340,백광산업
A001360,삼성제약
A001380,SG글로벌
A001390,KG케미칼
A001420,태원물산
A001430,세아베스틸
A001440,대한전선
A001450,현대해상
A001460,BYC
A001465,BYC우
A001470,삼부토건
A001500,현대차증권
A001510,SK증권
A001515,SK증권우
A001520,동양
A001525,동양우
A001527,동양2우B
A001529,동양3우B
A001530,DI동일
A001550,조비
A001560,제일연마
A001570,금양
A001620,케이비아이동국실업
A001630,종근당홀딩스
A001680,대상
A001685,대상우
A001720,신영증권
A001725,신영증권우
A001740,SK네트웍스
A001745,SK네트웍스우
A001750,한양증권
A001755,한양증권우
A001770,신화실업
A001780,알루코
A001790,대한제당
A001795,대한제당우
A001800,오리온홀딩스
A001820,삼화콘덴서
A001880,DL건설
A001940,KISCO홀딩스
A002020,코오롱
A002025,코오롱우
A002030,아세아
A002070,비비안
A002100,경농
A002140,고려산업
A002150,도화엔지니어링
A002170,삼양통상
A002200,한국수출포장
A002210,동성제약
A002220,한일철강
A002240,고려제강
A002270,롯데푸드
A002310,아세아제지
A002320,한진
A002350,넥센타이어
A002355,넥센타이어1우B
A002360,SH에너지화학
A002380,KCC
A002390,한독
A002410,범양건영
A002420,세기상사
A002450,삼익악기
A002460,화성산업
A002600,조흥
A002620,제일파마홀딩스
A002630,오리엔트바이오
A002690,동일제강
A002700,신일전자
A002710,TCC스틸
A002720,국제약품
A002760,보락
A002780,진흥기업
A002785,진흥기업우B
A002787,진흥기업2우B
A002790,아모레G
A002795,아모레G우
A00279K,아모레G3우(전환)
A002810,삼영무역
A002820,SUN&L
A002840,미원상사
A002870,신풍제지
A002880,대유에이텍
A002900,TYM
A002920,유성기업
A002960,한국쉘석유
A002990,금호건설
A002995,금호건설우
A003000,부광약품
A003010,혜인
A003030,세아제강지주
A003060,에이프로젠제약
A003070,코오롱글로벌
A003075,코오롱글로벌우
A003080,성보화학
A003090,대웅
A003120,일성신약
A003160,디아이
A003200,일신방직
A003220,대원제약
A003230,삼양식품
A003240,태광산업
A003280,흥아해운
A003300,한일홀딩스
A003350,한국화장품제조
A003410,쌍용C&E
A003460,유화증권
A003465,유화증권우
A003470,유안타증권
A003475,유안타증권우
A003480,한진중공업홀딩스
A003490,대한항공
A003495,대한항공우
A003520,영진약품
A003530,한화투자증권
A003535,한화투자증권우
A003540,대신증권
A003545,대신증권우
A003547,대신증권2우B
A003550,LG
A003555,LG우
A003560,IHQ
A003570,SNT중공업
A003580,넥스트사이언스
A003610,방림
A003620,쌍용차
A003650,미창석유
A003670,포스코케미칼
A003680,한성기업
A003690,코리안리
A003720,삼영화학
A003780,진양산업
A003830,대한화섬
A003850,보령제약
A003920,남양유업
A003925,남양유업우
A003960,사조대림
A004000,롯데정밀화학
A004020,현대제철
A004060,SG세계물산
A004080,신흥
A004090,한국석유
A004100,태양금속
A004105,태양금속우
A004140,동방
A004150,한솔홀딩스
A004170,신세계
A004250,NPC
A004255,NPC우
A004270,남성
A004310,현대약품
A004360,세방
A004365,세방우
A004370,농심
A004380,삼익THK
A004410,서울식품
A004415,서울식품우
A004430,송원산업
A004440,삼일씨엔에스
A004450,삼화왕관
A004490,세방전지
A004540,깨끗한나라
A004545,깨끗한나라우
A004560,현대비앤지스틸
A004565,현대비앤지스틸우
A004690,삼천리
A004700,조광피혁
A004710,한솔테크닉스
A004720,팜젠사이언스
A004770,써니전자
A004800,효성
A004830,덕성
A004835,덕성우
A004840,DRB동일
A004870,티웨이홀딩스
A004890,동일산업
A004910,조광페인트
A004920,씨아이테크
A004960,한신공영
A004970,신라교역
A004980,성신양회
A004985,성신양회우
A004990,롯데지주
A00499K,롯데지주우
A005010,휴스틸
A005030,부산주공
A005070,코스모신소재
A005090,SGC에너지
A005110,한창
A005180,빙그레
A005250,녹십자홀딩스
A005257,녹십자홀딩스2우
A005300,롯데칠성
A005305,롯데칠성우
A005320,국동
A005360,모나미
A005380,현대차
A005385,현대차우
A005387,현대차2우B
A005389,현대차3우B
A005390,신성통상
A005420,코스모화학
A005430,한국공항
A005440,현대그린푸드
A005490,POSCO
A005500,삼진제약
A005610,SPC삼립
A005680,삼영전자
A005690,파미셀
A005720,넥센
A005725,넥센우
A005740,크라운해태홀딩스
A005745,크라운해태홀딩스우
A005750,대림B&Co
A005800,신영와코루
A005810,풍산홀딩스
A005820,원림
A005830,DB손해보험
A005850,에스엘
A005870,휴니드
A005880,대한해운
A005930,삼성전자
A005935,삼성전자우
A005940,NH투자증권
A005945,NH투자증권우
A005950,이수화학
A005960,동부건설
A005965,동부건설우
A006040,동원산업
A006060,화승인더
A006090,사조오양
A006110,삼아알미늄
A006120,SK디스커버리
A006125,SK디스커버리우
A006200,한국전자홀딩스
A006220,제주은행
A006260,LS
A006280,녹십자
A006340,대원전선
A006345,대원전선우
A006360,GS건설
A006370,대구백화점
A006380,카프로
A006390,한일현대시멘트
A006400,삼성SDI
A006405,삼성SDI우
A006490,인스코비
A006570,대림통상
A006650,대한유화
A006660,삼성공조
A006740,영풍제지
A006800,미래에셋증권
A006805,미래에셋증권우
A00680K,미래에셋증권2우B
A006840,AK홀딩스
A006880,신송홀딩스
A006890,태경케미컬
A006980,우성사료
A007070,GS리테일
A007110,일신석재
A007120,미래아이앤지
A007160,사조산업
A007210,벽산
A007280,한국특강
A007310,오뚜기
A007340,디티알오토모티브
A007460,에이프로젠 KIC
A007540,샘표
A007570,일양약품
A007575,일양약품우
A007590,동방아그로
A007610,선도전기
A007630,폴루스바이오팜
A007660,이수페타시스
A007690,국도화학
A007700,F&F
A007810,코리아써키트
A007815,코리아써우
A00781K,코리아써키트2우B
A007860,서연
A007980,태평양물산
A008040,사조동아원
A008060,대덕
A00806K,대덕1우
A008110,대동전자
A008250,이건산업
A008260,NI스틸
A008350,남선알미늄
A008355,남선알미우
A008420,문배철강
A008490,서흥
A008500,일정실업
A008560,메리츠증권
A008600,윌비스
A008700,아남전자
A008730,율촌화학
A008770,호텔신라
A008775,호텔신라우
A008870,금비
A008930,한미사이언스
A008970,동양철관
A009070,KCTC
A009140,경인전자
A009150,삼성전기
A009155,삼성전기우
A009160,SIMPAC
A009180,한솔로지스틱스
A009190,대양금속
A009200,무림페이퍼
A009240,한샘
A009270,신원
A009275,신원우
A009290,광동제약
A009310,참엔지니어링
A009320,대우부품
A009410,태영건설
A009415,태영건설우
A009420,한올바이오파마
A009440,KC그린홀딩스
A009450,경동나비엔
A009460,한창제지
A009470,삼화전기
A009540,한국조선해양
A009580,무림P&P
A009680,모토닉
A009770,삼정펄프
A009810,엔케이물산
A009830,한화솔루션
A009835,한화솔루션우
A009900,명신산업
A009970,영원무역홀딩스
A010040,한국내화
A010050,우리종금
A010060,OCI
A010100,한국프랜지
A010120,LS ELECTRIC
A010130,고려아연
A010140,삼성중공업
A010145,삼성중공우
A010400,우진아이엔에스
A010420,한솔PNS
A010580,지코
A010600,웰바이오텍
A010620,현대미포조선
A010640,진양폴리
A010660,화천기계
A010690,화신
A010770,평화홀딩스
A010780,아이에스동서
A010820,퍼스텍
A010950,S-Oil
A010955,S-Oil우
A010960,삼호개발
A011000,진원생명과학
A011070,LG이노텍
A011090,에넥스
A011150,CJ씨푸드
A011155,CJ씨푸드1우
A011170,롯데케미칼
A011200,HMM
A011210,현대위아
A011230,삼화전자
A011280,태림포장
A011300,성안
A011330,유니켐
A011390,부산산업
A011420,갤럭시아에스엠
A011500,한농화성
A011690,유양디앤유
A011700,한신기계
A011760,현대코퍼레이션
A011780,금호석유
A011785,금호석유우
A011790,SKC
A011810,STX
A011930,신성이엔지
A012030,DB
A012160,영흥
A012170,아센디오
A012200,계양전기
A012205,계양전기우
A012280,영화금속
A012320,경동인베스트
A012330,현대모비스
A012450,한화에어로스페이스
A012510,더존비즈온
A012600,센트럴인사이트
A012610,경인양행
A012630,HDC
A012690,모나리자
A012750,에스원
A012800,대창
A013000,세우글로벌
A013360,일성건설
A013520,화승코퍼레이션
A013570,디와이
A013580,계룡건설
A013700,까뮤이앤씨
A013870,지엠비코리아
A013890,지누스
A014130,한익스프레스
A014160,대영포장
A014280,금강공업
A014285,금강공업우
A014440,영보화학
A014530,극동유화
A014580,태경비케이
A014680,한솔케미칼
A014710,사조씨푸드
A014790,한라
A014820,동원시스템즈
A014825,동원시스템즈우
A014830,유니드
A014910,성문전자
A014915,성문전자우
A014990,인디에프
A015020,이스타코
A015230,대창단조
A015260,에이엔피
A015350,부산가스
A015360,예스코홀딩스
A015540,쎌마테라퓨틱스
A015590,큐로
A015760,한국전력
A015860,일진홀딩스
A015890,태경산업
A016090,대현
A016360,삼성증권
A016380,KG동부제철
A016385,KG동부제철우
A016450,한세예스24홀딩스
A016580,환인제약
A016590,신대양제지
A016610,DB금융투자
A016710,대성홀딩스
A016740,두올
A016800,퍼시스
A016880,웅진
A017040,광명전기
A017180,명문제약
A017370,우신시스템
A017390,서울가스
A017550,수산중공업
A017670,SK텔레콤
A017800,현대엘리베이
A017810,풀무원
A017900,광전자
A017940,E1
A017960,한국카본
A018250,애경산업
A018260,삼성에스디에스
A018470,조일알미늄
A018500,동원금속
A018670,SK가스
A018880,한온시스템
A019170,신풍제약
A019175,신풍제약우
A019180,티에이치엔
A019440,세아특수강
A019490,하이트론
A019680,대교
A019685,대교우B
A020000,한섬
A020120,키다리스튜디오
A020150,일진머티리얼즈
A020560,아시아나항공
A020760,일진디스플
A021050,서원
A021240,코웨이
A021820,세원정공
A023000,삼원강재
A023150,MH에탄올
A023350,한국종합기술
A023450,동남합성
A023530,롯데쇼핑
A023590,다우기술
A023800,인지컨트롤스
A023810,인팩
A023960,에쓰씨엔지니어링
A024070,WISCOM
A024090,디씨엠
A024110,기업은행
A024720,한국콜마홀딩스
A024890,대원화성
A024900,덕양산업
A025000,KPX케미칼
A025530,SJM홀딩스
A025540,한국단자
A025560,미래산업
A025620,제이준코스메틱
A025750,한솔홈데코
A025820,이구산업
A025860,남해화학
A025890,한국주강
A026890,디피씨
A026940,부국철강
A026960,동서
A027410,BGF
A027740,마니커
A027970,세하
A028050,삼성엔지니어링
A028100,동아지질
A028260,삼성물산
A02826K,삼성물산우B
A028670,팬오션
A029460,케이씨
A029530,신도리코
A029780,삼성카드
A030000,제일기획
A030200,KT
A030210,KTB투자증권
A030610,교보증권
A030720,동원수산
A030790,비케이탑스
A031430,신세계인터내셔날
A031440,신세계푸드
A031820,콤텍시스템
A032350,롯데관광개발
A032560,황금에스티
A032640,LG유플러스
A032830,삼성생명
A033180,KH 필룩스
A033240,자화전자
A033250,체시스
A033270,유나이티드제약
A033530,세종공업
A033660,우리금융캐피탈
A033780,KT&G
A033920,무학
A034020,두산중공업
A034120,SBS
A034220,LG디스플레이
A034300,신세계건설
A034310,NICE
A034590,인천도시가스
A034730,SK
A03473K,SK우
A034830,한국토지신탁
A035000,지투알
A035150,백산
A035250,강원랜드
A035420,NAVER
A035510,신세계 I&C
A035720,카카오
A036420,제이콘텐트리
A036460,한국가스공사
A036530,SNT홀딩스
A036570,엔씨소프트
A036580,팜스코
A037270,YG PLUS
A037560,LG헬로비전
A037710,광주신세계
A039130,하나투어
A039490,키움증권
A039570,HDC아이콘트롤스
A041650,상신브레이크
A042660,대우조선해양
A042670,두산인프라코어
A042700,한미반도체
A044380,주연테크
A044450,KSS해운
A044820,코스맥스비티아이
A047040,대우건설
A047050,포스코인터내셔널
A047400,유니온머티리얼
A047810,한국항공우주
A049770,동원F&B
A049800,우진플라임
A051600,한전KPS
A051630,진양화학
A051900,LG생활건강
A051905,LG생활건강우
A051910,LG화학
A051915,LG화학우
A052690,한전기술
A053210,스카이라이프
A053690,한미글로벌
A055490,테이팩스
A055550,신한지주
A057050,현대홈쇼핑
A058430,포스코강판
A058650,세아홀딩스
A058730,다스코
A058850,KTcs
A058860,KTis
A060980,한라홀딩스
A063160,종근당바이오
A064350,현대로템
A064960,SNT모티브
A066570,LG전자
A066575,LG전자우
A067830,세이브존I&C
A068270,셀트리온
A068290,삼성출판사
A068400,SK렌터카
A069260,휴켐스
A069460,대호에이엘
A069620,대웅제약
A069640,한세엠케이
A069730,DSR제강
A069960,현대백화점
A070960,용평리조트
A071050,한국금융지주
A071055,한국금융지주우
A071090,하이스틸
A071320,지역난방공사
A071840,롯데하이마트
A071950,코아스
A071970,STX중공업
A072130,유엔젤
A072710,농심홀딩스
A073240,금호타이어
A074610,이엔플러스
A075180,새론오토모티브
A075580,세진중공업
A077500,유니퀘스트
A077970,STX엔진
A078000,텔코웨어
A078520,에이블씨엔씨
A078930,GS
A078935,GS우
A079160,CJ CGV
A079430,현대리바트
A079550,LIG넥스원
A079980,휴비스
A081000,일진다이아
A081660,휠라홀딩스
A082640,동양생명
A082740,HSD엔진
A083420,그린케미칼
A084010,대한제강
A084670,동양고속
A084680,이월드
A084690,대상홀딩스
A084695,대상홀딩스우
A084870,TBH글로벌
A085310,엔케이
A085620,미래에셋생명
A086280,현대글로비스
A086790,하나금융지주
A088260,이리츠코크렙
A088350,한화생명
A088790,진도
A088980,맥쿼리인프라
A089470,HDC현대EP
A089590,제주항공
A090080,평화산업
A090350,노루페인트
A090355,노루페인트우
A090370,메타랩스
A090430,아모레퍼시픽
A090435,아모레퍼시픽우
A091090,세원이앤씨
A091810,티웨이항공
A092200,디아이씨
A092220,KEC
A092230,KPX홀딩스
A092440,기신정기
A092780,동양피스톤
A093050,LF
A093230,이아이디
A093240,형지엘리트
A093370,후성
A094280,효성ITX
A094800,맵스리얼티1
A095570,AJ네트웍스
A095720,웅진씽크빅
A096300,베트남개발1
A096760,JW홀딩스
A096770,SK이노베이션
A096775,SK이노베이션우
A097230,한진중공업
A097950,CJ제일제당
A097955,CJ제일제당 우
A100220,비상교육
A100250,진양홀딩스
A100840,SNT에너지
A101060,SBS미디어홀딩스
A101140,인바이오젠
A101530,해태제과식품
A102260,동성케미컬
A102280,쌍방울
A102460,이연제약
A103140,풍산
A103590,일진전기
A104700,한국철강
A105560,KB금융
A105630,한세실업
A105840,우진
A107590,미원홀딩스
A108670,LG하우시스
A108675,LG하우시스우
A109070,컨버즈
A111110,호전실업
A111770,영원무역
A112610,씨에스윈드
A114090,GKL
A115390,락앤락
A117580,대성에너지
A118000,우리들휴브레인
A119650,KC코트렐
A120030,조선선재
A120110,코오롱인더
A120115,코오롱인더우
A122900,아이마켓코리아
A123690,한국화장품
A123700,SJM
A123890,한국자산신탁
A126560,현대퓨처넷
A128820,대성산업
A128940,한미약품
A129260,인터지스
A130660,한전산업
A133820,화인베스틸
A134380,미원화학
A134790,시디즈
A136490,선진
A138040,메리츠금융지주
A138250,엔에스쇼핑
A138490,코오롱플라스틱
A138930,BNK금융지주
A139130,DGB금융지주
A139480,이마트
A140910,에이리츠
A143210,핸즈코퍼레이션
A144620,코오롱머티리얼
A145210,세화아이엠씨
A145270,케이탑리츠
A145720,덴티움
A145990,삼양사
A145995,삼양사우
A152550,한국ANKOR유전
A153360,하이골드3호
A155660,DSR
A155900,바다로19호
A161000,애경유화
A161390,한국타이어앤테크놀로지
A161890,한국콜마
A163560,동일고무벨트
A168490,한국패러랠
A170900,동아에스티
A172580,하이골드12호
A175330,JB금융지주
A180640,한진칼
A18064K,한진칼우
A181710,NHN
A183190,아세아시멘트
A185750,종근당
A192080,더블유게임즈
A192400,쿠쿠홀딩스
A192650,드림텍
A192820,코스맥스
A194370,제이에스코퍼레이션
A195870,해성디에스
A200880,서연이화
A204210,모두투어리츠
A204320,만도
A207940,삼성바이오로직스
A210540,디와이파워
A210980,SK디앤디
A213500,한솔제지
A214320,이노션
A214330,금호에이치티
A214390,경보제약
A214420,토니모리
A226320,잇츠한불
A227840,현대코퍼레이션홀딩스
A229640,LS전선아시아
A234080,JW생명과학
A241560,두산밥캣
A241590,화승엔터프라이즈
A244920,에이플러스에셋
A248070,솔루엠
A248170,샘표식품
A249420,일동제약
A251270,넷마블
A264900,크라운제과
A26490K,크라운제과우
A267250,현대중공업지주
A267260,현대일렉트릭
A267270,현대건설기계
A267290,경동도시가스
A267850,아시아나IDT
A268280,미원에스씨
A271560,오리온
A271980,제일약품
A272210,한화시스템
A272450,진에어
A272550,삼양패키징
A280360,롯데제과
A281820,케이씨텍
A282330,BGF리테일
A282690,동아타이어
A284740,쿠쿠홈시스
A285130,SK케미칼
A28513K,SK케미칼우
A286940,롯데정보통신
A293480,하나제약
A293940,신한알파리츠
A294870,HDC현대산업개발
A298000,효성화학
A298020,효성티앤씨
A298040,효성중공업
A298050,효성첨단소재
A298690,에어부산
A300720,한일시멘트
A302440,SK바이오사이언스
A306200,세아제강
A307950,현대오토에버
A308170,센트랄모텍
A316140,우리금융지주
A317400,자이에스앤디
A322000,현대에너지솔루션
A326030,SK바이오팜
A330590,롯데리츠
A334890,이지스밸류리츠
A336260,두산퓨얼셀
A33626K,두산퓨얼셀1우
A33626L,두산퓨얼셀2우B
A336370,솔루스첨단소재
A33637K,솔루스첨단소재1우
A33637L,솔루스첨단소재2우B
A338100,NH프라임리츠
A339770,교촌에프앤비
A344820,케이씨씨글라스
A348950,제이알글로벌리츠
A350520,이지스레지던스리츠
A352820,하이브
A353200,대덕전자
A35320K,대덕전자1우
A357120,코람코에너지리츠
A357250,미래에셋맵스리츠
A361610,SK아이이테크놀로지
A363280,티와이홀딩스
A36328K,티와이홀딩스우
A365550,ESR켄달스퀘어리츠
A375500,DL이앤씨
A37550K,DL이앤씨우
A378850,화승알앤에이
A900140,엘브이엠씨홀딩스
A950210,프레스티지바이오파마
Q500001,신한 K200 USD 선물 바이셀 ETN
Q500002,신한 USD K200 선물 바이셀 ETN
Q500003,신한 인버스 WTI원유 선물 ETN(H)
Q500004,신한 브렌트원유 선물 ETN(H)
Q500005,신한 인버스 브렌트원유 선물 ETN(H)
Q500006,신한 인버스 금 선물 ETN(H)
Q500007,신한 인버스 은 선물 ETN(H)
Q500008,신한 인버스 구리 선물 ETN(H)
Q500009,신한 다우존스지수 선물 ETN(H)
Q500010,신한 인버스 다우존스지수 선물 ETN(H)
Q500011,신한 달러인덱스 선물 ETN(H)
Q500012,신한 인버스 달러인덱스 선물 ETN(H)
Q500013,신한 옥수수 선물 ETN(H)
Q500014,신한 인버스 옥수수 선물 ETN(H)
Q500015,신한 WTI원유 선물 ETN(H)
Q500016,신한 금 선물 ETN(H)
Q500017,신한 은 선물 ETN(H)
Q500018,신한 구리 선물 ETN(H)
Q500019,신한 레버리지 WTI원유 선물 ETN(H)
Q500020,신한 레버리지 다우존스지수 선물 ETN(H)
Q500021,신한 천연가스 선물 ETN(H)
Q500022,신한 인버스 천연가스 선물 ETN(H)
Q500023,신한 콩 선물 ETN(H)
Q500024,신한 인버스 콩 선물 ETN(H)
Q500027,신한 인버스 2X WTI원유 선물 ETN(H)
Q500028,신한 인버스 2X 다우존스지수 선물 ETN(H)
Q500029,신한 레버리지 은 선물 ETN(H)
Q500030,신한 인버스 2X 은 선물 ETN(H)
Q500032,신한 인버스 2X 천연가스 선물 ETN(H)
Q500035,신한 레버리지 미국달러 선물 ETN
Q500036,신한 인버스 2X 미국달러 선물 ETN
Q500037,신한 레버리지 금 선물 ETN
Q500038,신한 인버스 2X 금 선물 ETN
Q500039,신한 코스피 콘도르 4/10% ETN
Q500040,신한 레버리지 구리 선물 ETN
Q500041,신한 인버스 2X 구리 선물 ETN
Q500042,신한 코스피 콘도르 6/10% ETN
Q500043,신한 코스피 콘도르 4/10% 콜 2204-01 ETN
Q500044,신한 코스피 콘도르 6/10% 콜 2204-01 ETN
Q500046,신한 코스피 월별 양매도 3% OTM ETN
Q500047,신한 코스피 월별 양매도 5% OTM ETN
Q500048,신한 코스피 월별 양매도 3% 콜 2206-1 ETN
Q500049,신한 코스피 월별 양매도 5% 콜 2206-1 ETN
Q500050,신한 레버리지 S&P500 선물 ETN
Q500051,신한 인버스 2X S&P500 선물 ETN
Q500052,신한 FnGuide 5G 테마주 ETN
Q500053,신한 레버리지 천연가스 선물 ETN
Q500054,신한 인버스 2X 천연가스 선물 ETN
Q500055,신한 인버스 Russell 2000 ETN
Q500056,신한 레버리지 Russell 2000 ETN
Q500057,신한 인버스 2X Russell 2000 ETN
Q500058,신한 S&P500 VIX S/T 선물 ETN C
Q510001,대신 WTI원유 선물 ETN(H)
Q510002,대신 아연선물 ETN(H)
Q510003,대신 니켈선물 ETN(H)
Q510004,대신 인버스 아연선물 ETN(H)
Q510005,대신 2X 아연선물 ETN(H)
Q510006,대신 인버스 니켈선물 ETN(H)
Q510007,대신 2X 니켈선물 ETN(H)
Q510008,대신 철광석 선물 ETN(H)
Q510009,대신 인버스 철광석 선물 ETN(H)
Q510010,대신 인버스 2X 니켈선물 ETN(H)
Q510011,대신 골드 커버드콜 타겟 5%인컴 ETN(H)
Q510014,대신 알루미늄 선물 ETN(H)
Q510015,대신 밀 선물 ETN(H)
Q520003,미래에셋 원자재 선물 ETN(H)
Q520004,미래에셋 전기전자 Core5 ETN
Q520005,미래에셋 인버스 전기전자 Core5 ETN
Q520006,미래에셋 에너지화학 Core5 ETN
Q520007,미래에셋 인버스 에너지화학 Core5 ETN
Q520009,미래에셋 레버리지 원유선물혼합 ETN(H)
Q520010,미래에셋 원유선물혼합 ETN(H)
Q520011,미래에셋 인버스 원유선물혼합 ETN(H)
Q520013,미래에셋 Q150 Core5 ETN
Q520014,미래에셋 미디어엔터 Core5 ETN
Q520015,미래에셋 인버스 미디어엔터 Core5 ETN
Q520026,미래에셋 코스피 양매도 5% OTM ETN
Q520030,미래에셋 KRX금현물 Auto-KO-C 2312-01 ETN
Q530002,삼성 인버스 China A50 선물 ETN(H)
Q530004,삼성 화장품 테마주 ETN
Q530013,삼성 KTOP30 ETN
Q530014,삼성 China A50 선물 ETN(H)
Q530015,삼성 미국 대형 성장주 ETN(H)
Q530016,삼성 미국 대형 가치주 ETN(H)
Q530019,삼성 미국 대형 성장주 ETN
Q530020,삼성 미국 대형 가치주 ETN
Q530023,삼성 레버리지 China A50 선물 ETN(H)
Q530031,삼성 레버리지 WTI원유 선물 ETN
Q530032,삼성 Cushing 에너지인프라 MLP ETN
Q530033,삼성 Alerian 에너지인프라 MLP ETN
Q530036,삼성 인버스 2X WTI원유 선물 ETN
Q530053,삼성 코스피 풋매도 ETN
Q530055,삼성 레버리지 금 선물 ETN(H)
Q530056,삼성 인버스 2X 금 선물 ETN(H)
Q530060,삼성 코스피 양매도 5% OTM ETN
Q530061,삼성 레버리지 은 선물 ETN(H)
Q530062,삼성 인버스 2X 은 선물 ETN(H)
Q530063,삼성 레버리지 구리 선물 ETN(H)
Q530064,삼성 인버스 2X 구리 선물 ETN(H)
Q530066,삼성 코스피 풋매도 4% OTM ETN
Q530067,삼성 KRX 금현물 ETN
Q530068,삼성 레버리지 천연가스 선물 ETN B
Q530069,삼성 인버스 2X 천연가스 선물 ETN B
Q530070,삼성 레버리지 나스닥 100 ETN(H)
Q530071,삼성 인버스 2X 나스닥 100 ETN(H)
Q530072,삼성 S&P500 VIX S/T 선물 ETN(H) C
Q530073,삼성 HSCEI ETN(H)
Q530074,삼성 인버스 HSCEI ETN(H)
Q530075,삼성 레버리지 HSCEI ETN(H)
Q530076,삼성 인버스 2X HSCEI ETN(H)
Q550041,QV 미국 IT TOP5 ETN(H)
Q550042,QV 레버리지 WTI원유 선물 ETN(H)
Q550043,QV 인버스 레버리지 WTI원유 선물 ETN(H)
Q550044,QV 레버리지 S&P500 ETN
Q550045,QV 인버스 레버리지 S&P500 ETN
Q550057,QV 코스피 변동성 매칭형 양매도 ETN
Q550059,QV iSelect 글로벌 EMP ETN(H)
Q550060,QV S&P500 VIX S/T 선물 ETN C
Q570019,TRUE 코스피 양매도 5% OTM ETN
Q570020,TRUE 코스피 커버드콜 ETN B
Q570021,TRUE 코스피 커버드풋 ETN B
Q570022,TRUE 레버리지 S&P500 선물 ETN(H)
Q570023,TRUE 인버스 2X S&P500 선물 ETN(H)
Q570025,TRUE 인버스 유로스탁스50 ETN(H) B
Q570027,TRUE 인버스 2X 유로스탁스50 ETN(H)
Q570028,TRUE 인버스 HSCEI ETN(H) B
Q570029,TRUE 코스피 양매도 3% OTM ETN
Q570030,TRUE 코스피 양매도 ATM ETN
Q570031,TRUE 레버리지 HSCEI ETN(H)
Q570032,TRUE 인버스 2X HSCEI ETN(H)
Q570034,TRUE 엔선물 ETN B
Q570035,TRUE 레버리지 엔선물 ETN B
Q570036,TRUE 인버스 엔선물 ETN B
Q570037,TRUE 유로선물 ETN B
Q570038,TRUE 인버스 유로선물 ETN B
Q570042,TRUE 인버스 나스닥 100 ETN
Q570043,TRUE 레버리지 나스닥 100 ETN
Q570044,TRUE 인버스 2X 나스닥 100 ETN
Q570045,TRUE 레버리지 천연가스 선물 ETN(H)
Q570046,TRUE 인버스 2X 천연가스 선물 ETN(H)
Q570047,TRUE FTSE100 ETN
Q570048,TRUE 유로스탁스50 양매도 5% OTM ETN(H)
Q570049,TRUE S&P500 양매도 4% OTM ETN(H)
Q570050,TRUE S&P500 선물 ETN
Q570051,TRUE 나스닥 100 ETN
Q570052,TRUE 플래티넘 선물 ETN
Q570053,TRUE 인버스 플래티넘 선물 ETN
Q570054,TRUE 레버리지 유로스탁스50 ETN(H) B
Q580010,KB Wise 분할매매 ETN
Q580011,KB FnGuide 언택트 ETN
Q580012,KB KRX300 ETN
Q580013,KB KRX ESG Eco ETN
Q580014,KB 인버스 2X 나스닥 100 ETN
Q580015,KB 레버리지 나스닥 100 ETN
Q580016,KB 레버리지 S&P 500 선물 ETN(H)
Q580017,KB 인버스 2X S&P 500 선물 ETN
Q590009,미래에셋 미국 항공우주 ETN(H)
Q590010,미래에셋 레버리지 S&P500 ETN(H)
Q590011,미래에셋 인버스 S&P500 ETN(H)
Q590012,미래에셋 글로벌 리츠 ETN(H)
Q590013,미래에셋 미국 리츠 ETN(H)
Q590018,미래에셋 중국 심천 100 ETN
Q700001,하나 코스피 변동성추세 추종 양매도 ETN
Q700002,하나 KRX300 ETN
Q700003,하나 KRX BBIG K-뉴딜 ETN
A000250,삼천당제약
A000440,중앙에너비스
A001000,신라섬유
A001540,안국약품
A001810,무림SP
A001840,이화공영
A002230,피에스텍
A002290,삼일기업공사
A002680,한탑
A002800,신신제약
A003100,선광
A003310,대주산업
A003380,하림지주
A003800,에이스침대
A004590,한국가구
A004650,창해에탄올
A004780,대륙제관
A005160,동국산업
A005290,동진쎄미켐
A005670,푸드웰
A005710,대원산업
A005860,한일사료
A005990,매일홀딩스
A006050,국영지앤엠
A006140,피제이전자
A006580,대양제지
A006620,동구바이오제약
A006730,서부T&D
A006910,보성파워텍
A006920,모헨즈
A007330,푸른저축은행
A007370,진양제약
A007390,네이처셀
A007530,영신금속
A007680,대원
A007720,대명소노시즌
A007770,한일화학
A007820,에스엠코어
A008290,원풍물산
A008370,원풍
A008470,부스타
A008800,행남사
A008830,대동기어
A009300,삼아제약
A009520,포스코엠텍
A009620,삼보산업
A009730,코센
A009780,엠에스씨
A010170,대한광통신
A010240,흥국
A010280,쌍용정보통신
A010470,오리콤
A011040,경동제약
A011080,형지I&C
A011320,유니크
A011370,서한
A011560,세보엠이씨
A012340,뉴인텍
A012620,원일특강
A012700,리드코프
A012790,신일제약
A012860,모베이스전자
A013030,하이록코리아
A013120,동원개발
A013310,아진산업
A013720,청보산업
A013810,스페코
A013990,아가방컴퍼니
A014100,메디앙스
A014190,원익큐브
A014200,광림
A014470,부방
A014570,고려제약
A014620,성광벤드
A014940,오리엔탈정공
A014970,삼륭물산
A015710,코콤
A015750,성우하이텍
A016100,리더스코스메틱
A016250,SGC이테크건설
A016600,큐캐피탈
A016670,인피니티엔티
A016790,현대사료
A016920,카스
A017000,신원종합개발
A017250,인터엠
A017480,삼현철강
A017510,세명전기
A017650,대림제지
A017890,한국알콜
A018000,유니슨
A018120,진로발효
A018290,브이티지엠피
A018310,삼목에스폼
A018620,우진비앤지
A018680,서울제약
A018700,바른손
A019010,베뉴지
A019210,와이지-원
A019540,일지테크
A019550,SBI인베스트먼트
A019570,리더스 기술투자
A019590,엠벤처투자
A019660,글로본
A019770,서연탑메탈
A019990,에너토크
A020180,대신정보통신
A020400,대동금속
A020710,시공테크
A021040,대호특수강
A021045,대호특수강우
A021080,에이티넘인베스트
A021320,KCC건설
A021650,한국큐빅
A021880,메이슨캐피탈
A022100,포스코 ICT
A022220,정산애강
A023160,태광
A023410,유진기업
A023440,제일제강
A023460,CNH
A023600,삼보판지
A023760,한국캐피탈
A023770,플레이위드
A023790,동일철강
A023900,풍국주정
A023910,대한약품
A024060,흥구석유
A024120,KB오토시스
A024740,한일단조
A024800,유성티엔에스
A024810,이화전기
A024830,세원물산
A024840,KBI메탈
A024850,피에스엠씨
A024880,케이피에프
A024910,경창산업
A024940,PN풍년
A024950,삼천리자전거
A025320,시노펙스
A025440,대성엘텍
A025550,한국선재
A025770,한국정보통신
A025870,신라에스지
A025880,케이씨피드
A025900,동화기업
A025950,동신건설
A025980,아난티
A026040,제이에스티나
A026150,특수건설
A026910,광진실업
A027040,서울전자통신
A027050,코리아나
A027360,아주IB투자
A027580,상보
A027710,팜스토리
A027830,대성창투
A028080,휴맥스홀딩스
A028150,GS홈쇼핑
A028300,에이치엘비
A029480,릭스솔루션
A029960,코엔텍
A030190,NICE평가정보
A030350,드래곤플라이
A030520,한글과컴퓨터
A030530,원익홀딩스
A030960,양지사
A031310,아이즈비전
A031330,에스에이엠티
A031390,녹십자셀
A031510,오스템
A031860,엔에스엔
A031980,피에스케이홀딩스
A032080,아즈텍WB
A032190,다우데이타
A032280,삼일
A032300,한국파마
A032500,케이엠더블유
A032540,TJ미디어
A032580,피델릭스
A032620,유비케어
A032680,소프트센
A032685,소프트센우
A032750,삼진
A032790,엠젠플러스
A032800,판타지오
A032820,우리기술
A032850,비트컴퓨터
A032860,휴먼엔
A032940,원익
A032960,동일기연
A032980,바이온
A033050,제이엠아이
A033100,제룡전기
A033110,코너스톤네트웍스
A033130,디지틀조선
A033160,엠케이전자
A033170,시그네틱스
A033200,모아텍
A033230,인성정보
A033290,코웰패션
A033310,엠투엔
A033320,제이씨현시스템
A033340,좋은사람들
A033430,디에스티
A033500,동성화인텍
A033540,파라텍
A033560,블루콤
A033600,럭슬
A033640,네패스
A033790,스카이문스테크놀로지
A033830,티비씨
A034230,파라다이스
A034810,해성산업
A034940,조아제약
A034950,한국기업평가
A035080,인터파크
A035200,프럼파스트
A035290,골드앤에스
A035460,기산텔레콤
A035600,KG이니시스
A035610,솔본
A035620,바른손이앤에이
A035760,CJ ENM
A035810,이지홀딩스
A035890,서희건설
A035900,JYP Ent.
A036000,예림당
A036010,아비코전자
A036030,KTH
A036090,위지트
A036120,SCI평가정보
A036170,클라우드에어
A036180,지더블유바이텍
A036190,금화피에스시
A036200,유니셈
A036480,대성미생물
A036490,SK머티리얼즈
A036540,SFA반도체
A036560,영풍정밀
A036620,감성코퍼레이션
A036630,세종텔레콤
A036640,HRS
A036670,KCI
A036690,코맥스
A036710,심텍홀딩스
A036800,나이스정보통신
A036810,에프에스티
A036830,솔브레인홀딩스
A036890,진성티이씨
A036930,주성엔지니어링
A037030,파워넷
A037070,파세코
A037230,한국팩키지
A037330,인지디스플레
A037350,성도이엔지
A037370,EG
A037400,우리조명
A037440,희림
A037460,삼지전자
A037760,쎄니트
A037950,엘컴텍
A038010,제일테크노스
A038060,루멘스
A038070,서린바이오
A038110,에코플라스틱
A038160,팍스넷
A038290,마크로젠
A038340,UCI
A038390,레드캡투어
A038460,바이오스마트
A038500,삼표시멘트
A038530,골드퍼시픽
A038540,상상인
A038620,위즈코프
A038680,에스넷
A038870,에코바이오
A038880,아이에이
A038950,파인디지털
A039010,현대에이치티
A039020,이건홀딩스
A039030,이오테크닉스
A039200,오스코텍
A039230,에이아이비트
A039240,경남스틸
A039290,인포뱅크
A039310,세중
A039340,한국경제TV
A039420,케이엘넷
A039440,에스티아이
A039560,다산네트웍스
A039610,화성밸브
A039670,스포츠서울
A039740,한국정보공학
A039830,오로라
A039840,디오
A039860,나노엔텍
A039980,리노스
A040160,누리플렉스
A040300,YTN
A040350,큐로컴
A040420,정상제이엘에스
A040610,SG&G
A040910,아이씨디
A041020,폴라리스오피스
A041140,넥슨지티
A041190,우리기술투자
A041440,현대에버다임
A041460,한국전자인증
A041510,에스엠
A041520,이라이콤
A041590,젬백스지오
A041830,인바디
A041910,에스텍파마
A041920,메디아나
A041930,동아화성
A041960,코미팜
A042000,카페24
A042040,케이피엠테크
A042110,에스씨디
A042370,비츠로테크
A042420,네오위즈홀딩스
A042500,링네트
A042510,라온시큐어
A042520,한스바이오메드
A042600,새로닉스
A042940,상지카일룸
A043090,큐브앤컴퍼니
A043100,솔고바이오
A043150,바텍
A043200,파루
A043220,에이치엘비파워
A043260,성호전자
A043290,케이맥
A043340,에쎈테크
A043360,디지아이
A043370,피에이치에이
A043590,크로바하이텍
A043610,지니뮤직
A043650,국순당
A043710,서울리거
A043910,자연과환경
A044060,조광ILI
A044180,KD
A044340,위닉스
A044480,블루베리 NFT
A044490,태웅
A044780,에이치케이
A044960,이글벳
A045060,오공
A045100,한양이엔지
A045300,성우테크론
A045340,토탈소프트
A045390,대아티아이
A045510,정원엔시스
A045520,크린앤사이언스
A045660,에이텍
A045890,GV
A045970,코아시아
A046070,코다코
A046110,한일네트웍스
A046120,오르비텍
A046140,SBS콘텐츠허브
A046210,파나진
A046310,백금T&A
A046390,삼화네트웍스
A046440,KG모빌리언스
A046890,서울반도체
A046940,우원개발
A046970,우리로
A047080,한빛소프트
A047310,파워로직스
A047560,이스트소프트
A047770,코데즈컴바인
A047820,초록뱀미디어
A047920,에이치엘비제약
A048260,오스템임플란트
A048410,현대바이오
A048430,유라테크
A048470,대동스틸
A048530,인트론바이오
A048550,SM C&C
A048770,TPC
A048830,엔피케이
A048870,시너지이노베이션
A048910,대원미디어
A049070,인탑스
A049080,기가레인
A049120,파인디앤씨
A049180,셀루메드
A049430,코메론
A049470,SGA
A049480,오픈베이스
A049520,유아이엘
A049550,잉크테크
A049630,재영솔루텍
A049720,고려신용정보
A049830,승일
A049950,미래컴퍼니
A049960,쎌바이오텍
A050090,휘닉스소재
A050110,캠시스
A050120,ES큐브
A050320,아래스
A050540,한국코퍼레이션
A050760,에스폴리텍
A050860,아세아텍
A050890,쏠리드
A050960,수산아이앤티
A051160,지어소프트
A051360,토비스
A051370,인터플렉스
A051380,피씨디렉트
A051390,YW
A051490,나라엠앤디
A051500,CJ프레시웨이
A051780,큐로홀딩스
A051980,센트럴바이오
A052020,에스티큐브
A052190,이에스에이
A052220,iMBC
A052260,현대바이오랜드
A052300,초록뱀컴퍼니
A052330,코텍
A052400,코나아이
A052420,오성첨단소재
A052460,아이크래프트
A052600,한네트
A052670,제일바이오
A052710,아모텍
A052770,아이톡시
A052790,액토즈소프트
A052860,아이앤씨
A052900,KMH하이텍
A053030,바이넥스
A053050,지에스이
A053060,세동
A053080,원방테크
A053110,소리바다
A053160,프리엠스
A053260,금강철강
A053270,구영테크
A053280,예스24
A053290,NE능률
A053300,한국정보인증
A053350,이니텍
A053450,세코닉스
A053580,웹케시
A053590,한국테크놀로지
A053610,프로텍
A053620,태양
A053660,현진소재
A053700,삼보모터스
A053800,안랩
A053950,경남제약
A053980,오상자이엘
A054040,한국컴퓨터
A054050,농우바이오
A054090,삼진엘앤디
A054180,메디콕스
A054210,이랜텍
A054220,비츠로시스
A054300,팬스타엔터프라이즈
A054410,케이피티유
A054450,텔레칩스
A054540,삼영엠텍
A054620,APS홀딩스
A054630,에이디칩스
A054670,대한뉴팜
A054780,키이스트
A054800,아이디스홀딩스
A054920,한컴위드
A054930,유신
A054940,엑사이엔씨
A054950,제이브이엠
A056000,COWON
A056080,유진로봇
A056090,유앤아이
A056190,에스에프에이
A056360,코위버
A056700,신화인터텍
A056730,씨앤티85
A057030,YBM넷
A057540,옴니시스템
A057680,티사이언티픽
A057880,피에이치씨
A058110,멕아이씨에스
A058220,아리온
A058400,KNN
A058420,제이웨이
A058450,일야
A058470,리노공업
A058530,슈펙스비앤피
A058610,에스피지
A058630,엠게임
A058820,CMG제약
A059090,미코
A059100,아이컴포넌트
A059120,아진엑스텍
A059210,메타바이오메드
A059270,해성티피씨
A060150,인선이엔티
A060230,이그잭스
A060240,룽투코리아
A060250,NHN한국사이버결제
A060260,뉴보텍
A060280,큐렉소
A060300,레드로버
A060310,3S
A060370,KT서브마린
A060380,동양에스텍
A060480,국일신동
A060540,에스에이티
A060560,홈센타홀딩스
A060570,드림어스컴퍼니
A060590,씨티씨바이오
A060720,KH바텍
A060850,영림원소프트랩
A060900,대한그린파워
A061040,알에프텍
A061250,화일약품
A061970,엘비세미콘
A062860,티엘아이
A062970,피피아이
A063080,게임빌
A063170,서울옥션
A063440,SM Life Design
A063570,한국전자금융
A063760,이엘피
A064090,에프앤리퍼블릭
A064240,홈캐스트
A064260,다날
A064290,인텍플러스
A064480,브리지텍
A064510,에코마이스터
A064520,바른전자
A064550,바이오니아
A064760,티씨케이
A064800,젬백스링크
A064820,케이프
A064850,에프앤가이드
A065060,지엔코
A065130,탑엔지니어링
A065150,MP그룹
A065170,넥스트BT
A065350,신성델타테크
A065370,위세아이텍
A065420,에스아이리소스
A065440,이루온
A065450,빅텍
A065500,오리엔트정공
A065510,휴비츠
A065530,와이어블
A065560,녹원씨엔아이
A065570,삼영이엔씨
A065620,제낙스
A065650,메디프론
A065660,안트로젠
A065680,우주일렉트로
A065690,파커스
A065710,서호전기
A065770,CS
A065950,웰크론
A066110,한프
A066130,하츠
A066310,큐에스아이
A066360,체리부로
A066410,버킷스튜디오
A066430,와이오엠
A066590,우수AMS
A066620,국보디자인
A066670,디스플레이텍
A066700,테라젠이텍스
A066790,씨씨에스
A066900,디에이피
A066910,손오공
A066970,엘앤에프
A066980,이엔코퍼레이션
A067000,조이시티
A067010,이씨에스
A067080,대화제약
A067160,아프리카TV
A067170,오텍
A067280,멀티캠퍼스
A067290,JW신약
A067310,하나마이크론
A067390,아스트
A067570,엔브이에이치코리아
A067630,에이치엘비생명과학
A067730,로지시스
A067770,세진티에스
A067900,와이엔텍
A067920,이글루시큐리티
A067990,도이치모터스
A068050,팬엔터테인먼트
A068240,다원시스
A068330,일신바이오
A068760,셀트리온제약
A068790,DMS
A068930,디지털대성
A068940,아이씨케이
A069080,웹젠
A069110,코스온
A069140,누리플랜
A069330,유아이디
A069410,엔텔스
A069510,에스텍
A069540,라이트론
A069920,아이에스이커머스
A070300,엑스큐어
A070590,한솔인티큐브
A071200,인피니트헬스케어
A071280,로체시스템즈
A071460,위니아딤채
A071670,에이테크솔루션
A071850,캐스텍코리아
A072020,중앙백신
A072470,우리산업홀딩스
A072520,제넨바이오
A072770,율호
A072870,메가스터디
A072950,빛샘전자
A072990,에이치시티
A073010,케이에스피
A073070,에이팸
A073110,엘엠에스
A073190,듀오백
A073490,이노와이어리스
A073540,에프알텍
A073560,우리손에프앤지
A073570,WI
A073640,테라사이언스
A074430,아미노로직스
A074600,원익QnC
A075130,플랜티넷
A075970,동국알앤에스
A076080,웰크론한텍
A076610,해성옵틱스
A077360,덕산하이메탈
A078020,이베스트투자증권
A078070,유비쿼스홀딩스
A078130,국일제지
A078140,대봉엘에스
A078150,HB테크놀러지
A078160,메디포스트
A078340,컴투스
A078350,한양디지텍
A078590,OQP
A078600,대주전자재료
A078650,코렌
A078860,아이오케이
A078890,가온미디어
A078940,코드네이처
A079000,와토스코리아
A079170,한창산업
A079190,EMW
A079370,제우스
A079650,서산
A079810,디이엔티
A079940,가비아
A079950,인베니아
A079960,동양이엔피
A079970,투비소프트
A080000,에스엔유
A080010,이상네트웍스
A080160,모두투어
A080220,제주반도체
A080420,모다이노칩
A080440,에스제이케이
A080470,성창오토텍
A080520,오디텍
A080530,코디
A080580,오킨스전자
A080720,한국유니온제약
A081150,티플랙스
A081580,성우전자
A082210,옵트론텍
A082270,젬백스
A082660,코스나인
A082800,비보존 헬스케어
A082850,우리바이오
A082920,비츠로셀
A083310,엘오티베큠
A083450,GST
A083470,이엠앤아이
A083500,에프엔에스테크
A083550,케이엠
A083640,인콘
A083650,비에이치아이
A083660,CSA 코스믹
A083790,크리스탈지노믹스
A083930,아바코
A084110,휴온스글로벌
A084180,수성이노베이션
A084370,유진테크
A084650,랩지노믹스
A084730,팅크웨어
A084850,아이티엠반도체
A084990,헬릭스미스
A085370,루트로닉
A08537M,루트로닉3우C
A085660,차바이오텍
A085670,뉴프렉스
A085810,알티캐스트
A085910,네오티스
A086040,바이오톡스텍
A086060,진바이오텍
A086250,이노와이즈
A086390,유니테스트
A086450,동국제약
A086520,에코프로
A086670,비엠티
A086710,선진뷰티사이언스
A086820,바이오솔루션
A086890,이수앱지스
A086900,메디톡스
A086960,한컴MDS
A086980,쇼박스
A087010,펩트론
A087260,모바일어플라이언스
A087600,픽셀플러스
A087730,이엠네트웍스
A088130,동아엘텍
A088290,이원컴포텍
A088390,이녹스
A088800,에이스테크
A088910,동우팜투테이블
A089010,켐트로닉스
A089030,테크윙
A089140,넥스턴바이오
A089150,케이씨티
A089230,THE E&M
A089530,에이티세미콘
A089600,나스미디어
A089790,제이티
A089850,유비벨록스
A089890,코세스
A089970,에이피티씨
A089980,상아프론테크
A090150,광진윈텍
A090360,로보스타
A090410,덕신하우징
A090460,비에이치
A090470,제이스텍
A090710,휴림로봇
A090740,연이비앤티
A090850,현대이지웰
A091120,이엠텍
A091340,S&K폴리텍
A091440,텔레필드
A091580,상신이디피
A091590,남화토건
A091700,파트론
A091970,나노캠텍
A091990,셀트리온헬스케어
A092040,아미코젠
A092070,디엔에프
A092130,이크레더블
A092190,서울바이오시스
A092300,현우산업
A092460,한라IMS
A092600,앤씨앤
A092730,네오팜
A092870,엑시콘
A093190,빅솔론
A093320,케이아이엔엑스
A093380,풍강
A093520,매커스
A093640,다믈멀티미디어
A093920,서원인텍
A094170,동운아나텍
A094360,칩스앤미디어
A094480,갤럭시아머니트리
A094820,일진파워
A094840,슈프리마에이치큐
A094850,참좋은여행
A094860,네오리진
A094940,푸른기술
A094970,제이엠티
A095190,이엠코리아
A095270,웨이브일렉트로
A095340,ISC
A095500,미래나노텍
A095610,테스
A095660,네오위즈
A095700,제넥신
A095910,에스에너지
A096040,이트론
A096240,청담러닝
A096350,대창솔루션
A096530,씨젠
A096610,알에프세미
A096630,에스코넥
A096640,멜파스
A096690,에이루트
A096870,엘디티
A097520,엠씨넥스
A097780,에스맥
A097800,윈팩
A097870,효성오앤비
A098120,마이크로컨텍솔
A098460,고영
A098660,에스티오
A099190,아이센스
A099220,SDN
A099320,쎄트렉아이
A099410,동방선기
A099440,스맥
A099520,ITX-AI
A099750,이지케어텍
A100030,모바일리더
A100090,삼강엠앤티
A100120,뷰웍스
A100130,동국S&C
A100590,머큐리
A100660,서암기계공업
A100700,세운메디칼
A100790,미래에셋벤처투자
A101000,상상인인더스트리
A101160,월덱스
A101170,우림기계
A101240,씨큐브
A101330,모베이스
A101360,이엔드디
A101390,아이엠
A101400,엔시트론
A101490,에스앤에스텍
A101670,코리아에스이
A101680,한국정밀기계
A101730,위메이드맥스
A101930,인화정공
A102120,어보브반도체
A102710,이엔에프테크놀로지
A102940,코오롱생명과학
A103230,에스앤더블류
A103840,우양
A104040,대성파인텍
A104200,NHN벅스
A104460,디와이피엔에프
A104480,티케이케미칼
A104540,코렌텍
A104620,노랑풍선
A104830,원익머트리얼즈
A105330,케이엔더블유
A105550,트루윈
A105740,디케이락
A106080,하이소닉
A106190,하이텍팜
A106240,파인테크닉스
A106520,디지탈옵틱
A108230,톱텍
A108320,실리콘웍스
A108380,대양전기공업
A108490,로보티즈
A108860,셀바스AI
A109080,옵티시스
A109610,에스와이
A109740,디에스케이
A109820,진매트릭스
A109860,동일금속
A109960,에이프로젠 H&G
A110020,전진바이오팜
A110790,크리스에프앤씨
A110990,디아이티
A111710,남화산업
A111820,지유온
A111870,KH 일렉트론
A112040,위메이드
A113810,디젠스
A114120,크루셜텍
A114190,강원
A114450,KPX생명과학
A114570,지스마트글로벌
A114630,우노앤컴퍼니
A114810,아이원스
A115160,휴맥스
A115180,큐리언트
A115310,인포바인
A115440,우리넷
A115450,지트리비앤티
A115480,씨유메디칼
A115500,케이씨에스
A115530,씨엔플러스
A115570,스타플렉스
A115610,이미지스
A115960,연우
A117670,알파홀딩스
A117730,티로보틱스
A118990,모트렉스
A119500,포메탈
A119610,인터로조
A119830,아이텍
A119850,지엔씨에너지
A119860,다나와
A120240,대정화금
A121440,골프존뉴딘홀딩스
A121600,나노신소재
A121800,비덴트
A121850,코이즈
A121890,에스디시스템
A122310,제노레이
A122350,삼기
A122450,KMH
A122640,예스티
A122690,서진오토모티브
A122870,와이지엔터테인먼트
A122990,와이솔
A123010,폴라리스웍스
A123040,엠에스오토텍
A123330,제닉
A123410,코리아에프티
A123420,선데이토즈
A123570,이엠넷
A123750,알톤스포츠
A123840,한일진공
A123860,아나패스
A124500,아이티센
A124560,태웅로직스
A125210,아모그린텍
A126340,비나텍
A126600,코프라
A126640,화신정공
A126700,하이비젼시스템
A126870,뉴로스
A126880,제이엔케이히터
A127120,디엔에이링크
A127160,매직마이크로
A127710,아시아경제
A128540,에코캡
A128660,피제이메탈
A129890,앱코
A130500,GH신소재
A130580,나이스디앤비
A130740,티피씨글로벌
A131030,디에이치피코리아
A131090,시큐브
A131100,스카이이앤엠
A131180,딜리
A131220,대한과학
A131290,티에스이
A131370,알서포트
A131390,원익피앤이
A131400,액트
A131760,파인텍
A131970,테스나
A133750,메가엠디
A134060,이퓨쳐
A134580,디엠티
A136480,하림
A136510,쎄미시스코
A136540,윈스
A137400,피엔티
A137940,넥스트아이
A137950,제이씨케미칼
A138070,신진에스엠
A138080,오이솔루션
A138360,에이씨티
A138580,비즈니스온
A138610,나이벡
A138690,엘아이에스
A139050,시티랩스
A139670,키네마스터
A140070,서플러스글로벌
A140410,메지온
A140520,대창스틸
A140670,알에스오토메이션
A140860,파크시스템스
A141000,비아트론
A141020,포티스
A141070,맥스로텍
A141080,레고켐바이오
A142210,유니트론텍
A142280,녹십자엠에스
A142760,바이오리더스
A143160,아이디스
A143240,사람인에이치알
A143540,영우디에스피
A144510,녹십자랩셀
A144960,뉴파워프라즈마
A145020,휴젤
A147760,마이크로프랜드
A147830,제룡산업
A148140,비디아이
A148150,세경하이테크
A148250,알엔투테크놀로지
A149950,아바텍
A149980,하이로닉
A150840,인트로메딕
A150900,파수
A151860,KG ETS
A151910,나노스
A153460,네이블
A153490,우리이앤엘
A153710,옵티팜
A154030,아시아종묘
A154040,솔루에타
A155650,와이엠씨
A156100,엘앤케이바이오
A158310,스타모빌리티
A158430,아톤
A159580,제로투세븐
A159910,스킨앤스킨
A160550,NEW
A160600,이큐셀
A160980,싸이맥스
A161570,THE MIDONG
A161580,필옵틱스
A163730,핑거
A164060,이루다
A166090,하나머티리얼즈
A166480,코아스템
A168330,내츄럴엔도텍
A169330,엠브레인
A170030,현대공업
A170790,파이오링크
A170920,엘티씨
A171010,램테크놀러지
A171090,선익시스템
A171120,라이온켐텍
A173130,오파스넷
A173940,에프엔씨엔터
A174880,장원테크
A174900,앱클론
A175140,인포마크
A175250,아이큐어
A176440,에이치엔티
A177350,베셀
A177830,파버나인
A178320,서진시스템
A178780,유테크
A178920,PI첨단소재
A179290,엠아이텍
A179900,유티아이
A180400,캔서롭
A181340,이즈미디어
A182360,큐브엔터
A182400,엔케이맥스
A182690,테라셈
A183300,코미코
A183490,엔지켐생명과학
A184230,SGA솔루션즈
A185490,아이진
A186230,그린플러스
A187220,디티앤씨
A187270,신화콘텍
A187420,제노포커스
A187790,나노
A187870,디바이스이엔지
A189300,인텔리안테크
A189330,씨이랩
A189690,포시에스
A189860,서전기전
A189980,흥국에프엔비
A190510,나무가
A190650,코리아에셋투자증권
A191410,육일씨엔에쓰
A191420,테고사이언스
A192250,케이사인
A192390,윈하이텍
A192410,THQ
A192440,슈피겐코리아
A193250,와이제이엠게임즈
A194480,데브시스터즈
A194700,노바렉스
A195440,퓨전
A195500,마니커에프앤지
A195990,에이비프로바이오
A196170,알테오젠
A196300,애니젠
A196450,코아시아옵틱스
A196490,디에이테크놀로지
A196700,웹스
A197140,디지캡
A198080,엔피디
A198440,고려시멘트
A199820,제일전기공업
A200130,콜마비앤에이치
A200230,텔콘RF제약
A200470,에이팩트
A200670,휴메딕스
A200710,에이디테크놀로지
A200780,비씨월드제약
A201490,미투온
A203450,유니온커뮤니티
A203650,드림시큐리티
A203690,프로스테믹스
A204020,그리티
A204270,제이앤티씨
A204620,글로벌텍스프리
A204630,스튜디오산타클로스
A204840,지엘팜텍
A205100,엑셈
A205470,휴마시스
A205500,액션스퀘어
A206400,베노홀딩스
A206560,덱스터
A206640,바디텍메드
A206650,유바이오로직스
A207760,미스터블루
A208140,정다운
A208340,파멥신
A208350,지란지교시큐리티
A208370,셀바스헬스케어
A208640,썸에이지
A208710,바이오로그디바이스
A208860,엔지스테크널러지
A211270,AP위성
A212560,네오오토
A213090,미래테크놀로지
A213420,덕산네오룩스
A214150,클래시스
A214180,민앤지
A214260,라파스
A214270,퓨쳐스트림네트웍스
A214310,에스엘바이오닉스
A214370,케어젠
A214430,아이쓰리시스템
A214450,파마리서치
A214610,미코바이오메드
A214680,디알텍
A214870,뉴지랩파마
A215000,골프존
A215090,이디티
A215100,로보로보
A215200,메가스터디교육
A215360,우리산업
A215380,우정바이오
A215480,토박스코리아
A215600,신라젠
A215790,이노인스트루먼트
A216050,인크로스
A216080,제테마
A217190,제너셈
A217270,넵튠
A217330,싸이토젠
A217480,에스디생명공학
A217500,러셀
A217600,켐온
A217620,디딤
A217730,강스템바이오텍
A217820,엔에스
A218150,미래생명자원
A218410,RFHIC
A219130,타이거일렉
A219420,링크제니시스
A219550,자안코스메틱
A219750,지티지웰니스
A220100,퓨쳐켐
A220180,핸디소프트
A220260,켐트로스
A220630,맘스터치
A221610,자안바이오
A221840,하이즈항공
A221980,케이디켐
A222040,코스맥스엔비티
A222080,씨아이에스
A222110,팬젠
A222420,쎄노텍
A222800,심텍
A222810,마이더스AI
A222980,한국맥널티
A223250,드림씨아이에스
A223310,경남제약헬스케어
A224060,코디엠
A224110,에이텍티앤
A225190,삼양옵틱스
A225220,제놀루션
A225330,씨엠에스에듀
A225430,케이엠제약
A225530,보광산업
A225570,넷게임즈
A225590,패션플랫폼
A226330,신테카바이오
A226340,본느
A226350,아이엠텍
A226360,KH E&T
A226400,오스테오닉
A226440,한송네오텍
A226950,올릭스
A227100,디자인
A227610,아우딘퓨쳐스
A227950,엔투텍
A228340,동양파일
A228670,레이
A228760,지노믹트리
A228850,레이언스
A229000,젠큐릭스
A230240,에치에프알
A230360,에코마케팅
A230980,에이트원
A232140,와이아이케이
A234100,세원
A234300,에스트래픽
A234340,세틀뱅크
A234690,녹십자웰빙
A234920,자이글
A235980,메드팩토
A236200,슈프리마
A236810,엔비티
A237690,에스티팜
A237750,피앤씨테크
A237820,플레이디
A237880,클리오
A238090,앤디포스
A238120,얼라인드
A238200,비피도
A238490,힘스
A239340,줌인터넷
A239610,에이치엘사이언스
A239890,피엔에이치테크
A240810,원익IPS
A241520,DSC인베스트먼트
A241690,유니테크노
A241710,코스메카코리아
A241770,메카로
A241790,오션브릿지
A241820,피씨엘
A241840,에이스토리
A242040,나무기술
A243070,휴온스
A243840,신흥에스이씨
A244460,올리패스
A245620,EDGC
A246690,TS인베스트먼트
A246710,티앤알바이오팹
A246720,아스타
A246960,이노테라피
A247540,에코프로비엠
A247660,나노씨엠에스
A250000,보라티알
A250060,모비스
A250930,예선테크
A251370,와이엠티
A251630,브이원텍
A251970,펌텍코리아
A252500,세화피앤씨
A253450,스튜디오드래곤
A253590,네오셈
A253840,수젠텍
A254120,자비스
A255220,SG
A255440,야스
A256150,한독크린텍
A256630,포인트엔지니어링
A256840,한국비엔씨
A256940,케이피에스
A257370,명성티엔에스
A258610,이더블유케이
A258790,소프트캠프
A258830,세종메디칼
A259630,엠플러스
A260660,알리코제약
A260930,씨티케이코스메틱스
A261200,덴티스
A262260,에이프로
A262840,아이퀘스트
A263020,디케이앤디
A263050,유틸렉스
A263540,샘코
A263600,덕우전자
A263690,디알젬
A263700,케어랩스
A263720,디앤씨미디어
A263750,펄어비스
A263770,유에스티
A263800,데이타솔루션
A263810,상신전자
A263860,지니언스
A263920,블러썸엠앤씨
A264450,유비쿼스
A264660,씨앤지하이테크
A264850,이랜시스
A265520,AP시스템
A265560,영화테크
A265740,엔에프씨
A267320,나인테크
A267790,배럴
A267980,매일유업
A268600,셀리버리
A269620,시스웍
A270520,지엔원에너지
A270870,뉴트리
A272110,케이엔제이
A272290,이녹스첨단소재
A273060,와이즈버즈
A274090,켄코아에어로스페이스
A275630,에스에스알
A277070,린드먼아시아
A277410,인산가
A277810,레인보우로보틱스
A277880,티에스아이
A278280,천보
A278650,노터스
A279600,미디어젠
A281740,레이크머티리얼즈
A282880,코윈테크
A284620,카이노스메드
A285490,노바텍
A286750,나노브릭
A287410,제이시스메디칼
A288330,브릿지바이오테라퓨틱스
A288620,에스퓨얼셀
A289010,아이스크림에듀
A289080,SV인베스트먼트
A289220,자이언트스텝
A290120,대유에이피
A290270,휴네시온
A290380,대유
A290510,코리아센터
A290520,신도기연
A290550,디케이티
A290650,엘앤씨바이오
A290660,네오펙트
A290670,대보마그네틱
A290690,소룩스
A290720,푸드나무
A290740,액트로
A291230,삼성스팩2호
A291650,압타머사이언스
A293490,카카오게임즈
A293580,나우IB
A293780,압타바이오
A294090,이오플로우
A294140,레몬
A294570,쿠콘
A294630,서남
A297090,씨에스베어링
A297570,알로이스
A297890,엘이티
A298060,에스씨엠생명과학
A298380,에이비엘바이오
A298540,더네이쳐홀딩스
A299030,하나기술
A299170,더블유에스아이
A299660,셀리드
A299900,위지윅스튜디오
A299910,베스파
A300080,플리토
A300120,라온피플
A301300,바이브컴퍼니
A302430,이노메트리
A302550,리메드
A303030,지니틱스
A304100,솔트룩스
A304840,피플바이오
A305090,마이크로디지탈
A306040,에스제이그룹
A306620,네온테크
A307070,SK4호스팩
A307160,하나머스트제6호스팩
A307180,아이엘사이언스
A307280,원바이오젠
A307750,국전약품
A307870,상상인이안1호스팩
A307930,컴퍼니케이
A308100,까스텔바작
A309930,오하임아이엔티
A310200,애니플러스
A310840,엔에이치스팩13호
A310870,한국제8호스팩
A311270,키움제5호스팩
A311390,네오크레마
A311690,천랩
A312610,에이에프더블류
A313750,유안타제4호스팩
A313760,윌링스
A314130,지놈앤컴퍼니
A314930,바이오다인
A317030,케이비17호스팩
A317120,라닉스
A317240,TS트릴리온
A317320,한화에스비아이스팩
A317330,덕산테코피아
A317530,캐리소프트
A317690,퀀타매트릭스
A317770,슈프리마아이디
A317830,에스피시스템스
A317850,대모
A317870,엔바이오니아
A318000,한국바이오젠
A318010,팜스빌
A318020,포인트모바일
A318410,비비씨
A319400,현대무벡스
A319660,피에스케이
A320000,윈텍
A321260,유진스팩4호
A321550,티움바이오
A321820,와이더플래닛
A322180,티라유텍
A322310,오로스테크놀로지
A322510,제이엘케이
A322780,코퍼스코리아
A323210,이베스트이안스팩1호
A323230,엠에프엠코리아
A323280,신영스팩5호
A323940,케이비제18호스팩
A323990,박셀바이오
A327260,RF머트리얼즈
A328380,미래에셋대우스팩3호
A329560,상상인이안제2호스팩
A330350,위더스제약
A330860,네패스아크
A330990,케이비제19호스팩
A331380,유진스팩5호
A331520,교보9호스팩
A331920,셀레믹스
A332290,대신밸런스제7호스팩
A332370,아이디피
A332570,와이팜
A332710,하나금융14호스팩
A333050,신한제6호스팩
A333430,미래에셋대우스팩4호
A333620,엔시스
A334970,프레스티지바이오로직스
A335810,프리시젼바이오
A335870,IBKS제12호스팩
A335890,비올
A336060,유안타제5호스팩
A336570,대신밸런스제8호스팩
A337450,SK5호스팩
A337930,브랜드엑스코퍼레이션
A338220,뷰노
A339950,아이비김영
A340120,하이제5호스팩
A340350,SK6호스팩
A340360,유안타제6호스팩
A340440,한화플러스제1호스팩
A340570,티앤엘
A340930,유일에너테크
A341160,하나금융15호스팩
A342550,케이비제20호스팩
A343510,하나금융16호스팩
A344050,신영스팩6호
A347000,센코
A347140,케이프이에스제4호
A347700,라이프시맨틱스
A347740,피엔케이피부임상연구센타
A347770,핌스
A347860,알체라
A347890,엠투아이
A348030,모비릭스
A348150,고바이오랩
A348210,넥스틴
A348350,위드텍
A349720,이베스트스팩5호
A351320,IBKS제14호스팩
A351330,이삭엔지니어링
A351340,IBKS제13호스팩
A352700,씨앤투스성진
A352770,클리노믹스
A352940,인바이오
A353060,에이치엠씨제5호스팩
A353070,에이치엠씨제4호스팩
A353190,엔에이치스팩16호
A353490,미래에셋대우스팩 5호
A353810,이지바이오
A354200,엔젠바이오
A355150,교보10호스팩
A356860,티엘비
A356890,싸이버원
A357230,에이치피오
A357550,석경에이티
A357780,솔브레인
A359090,엔에이치스팩17호
A361390,제노코
A363260,하나금융17호스팩
A365590,엔에이치스팩18호
A366330,신한제7호스팩
A367340,DB금융스팩8호
A367360,DB금융스팩9호
A367460,유안타제7호스팩
A367480,유안타제8호스팩
A368770,한국9호스팩
A369370,대신밸런스제9호스팩
A372290,하나머스트7호스팩
A373200,IBKS제15호스팩
A373340,유진스팩6호
A377400,하이제6호스팩
A900070,글로벌에스엠
A900080,에스앤씨엔진그룹
A900100,뉴프라이드
A900110,이스트아시아홀딩스
A900120,씨케이에이치
A900250,크리스탈신소재
A900260,로스웰
A900270,헝셩그룹
A900280,골든센츄리
A900290,GRT
A900300,오가닉티코스메틱
A900310,컬러레이
A900340,윙입푸드
A950110,SBI핀테크솔루션즈
A950130,엑세스바이오
A950140,잉글우드랩
A950160,코오롱티슈진
A950170,JTC
A950180,SNK
A950190,미투젠
A950200,소마젠(Reg.S)
A950220,네오이뮨텍(Reg.S)
